Watching for file changes with StatReloader
Forbidden: /api/notifications/
Forbidden: /api/patient/1/
Forbidden: /api/patient/1/reports/
Forbidden: /api/patient/1/
Forbidden: /api/patient/1/reports/
Not Found: /api/patient/1/predict-ml/
Not Found: /api/patient/1/predict-ml/
Forbidden: /api/notifications/
Forbidden: /api/notifications/
Forbidden: /api/notifications/
Forbidden: /api/patient/1/
Forbidden: /api/patient/1/reports/
Forbidden: /api/patient/1/
Forbidden: /api/patient/1/reports/
Not Found: /api/patient/1/predict-ml/
Not Found: /api/patient/1/predict-ml/
Forbidden: /api/patient/1/
Forbidden: /api/patient/1/reports/
Forbidden: /api/notifications/
Forbidden: /api/patient/1/
Forbidden: /api/patient/1/reports/
Not Found: /api/patient/1/predict-ml/
Forbidden: /api/notifications/
Not Found: /api/patient/1/predict-ml/
Forbidden: /api/patient/1/
Forbidden: /api/patient/1/reports/
Forbidden: /api/notifications/
Forbidden: /api/patient/1/
Forbidden: /api/patient/1/reports/
Not Found: /api/patient/1/predict-ml/
Not Found: /api/patient/1/predict-ml/
Forbidden: /api/notifications/
Forbidden: /api/notifications/
Not Found: /api/admin
Forbidden: /api/notifications/
Forbidden: /api/notifications/
Forbidden: /api/notifications/
Forbidden: /api/notifications/
Forbidden: /api/patient/1/
Forbidden: /api/patient/1/reports/
Forbidden: /api/patient/1/
Forbidden: /api/patient/1/reports/
Not Found: /api/patient/1/predict-ml/
Not Found: /api/patient/1/predict-ml/
Forbidden: /api/patient/1/
Forbidden: /api/patient/1/reports/
Forbidden: /api/notifications/
Forbidden: /api/patient/1/
Forbidden: /api/patient/1/reports/
Not Found: /api/patient/1/predict-ml/
Not Found: /api/patient/1/predict-ml/
Forbidden: /api/notifications/
Forbidden: /api/doctor/dashboard/
Forbidden: /api/notifications/
Forbidden: /api/doctor/dashboard/
Forbidden: /api/notifications/
Forbidden: /api/notifications/
Forbidden: /api/notifications/
Forbidden: /api/notifications/
Forbidden: /api/notifications/
Forbidden: /api/notifications/
Forbidden: /api/doctor/dashboard/
Forbidden: /api/doctor/dashboard/
Forbidden: /api/doctor/dashboard/
Forbidden: /api/doctor/dashboard/
Forbidden: /api/notifications/
Forbidden: /api/notifications/
Too Many Requests: /api/panic-alert/
Forbidden: /api/notifications/
Too Many Requests: /api/panic-alert/
Forbidden: /api/notifications/
Forbidden: /api/notifications/
Forbidden: /api/notifications/
Forbidden: /api/notifications/
Forbidden: /api/doctor/dashboard/
Forbidden: /api/doctor/dashboard/
Forbidden: /api/notifications/
Forbidden: /api/notifications/
Forbidden: /api/notifications/
Forbidden: /api/notifications/
Forbidden: /api/notifications/
Forbidden: /api/notifications/
Forbidden: /api/notifications/
Forbidden: /api/notifications/
Forbidden: /api/notifications/
Forbidden: /api/notifications/
Forbidden: /api/notifications/
Forbidden: /api/notifications/
Forbidden: /api/notifications/
Forbidden: /api/notifications/
Forbidden: /api/notifications/
Forbidden: /api/notifications/
Forbidden: /api/notifications/
Forbidden: /api/notifications/
Forbidden: /api/notifications/
Forbidden: /api/notifications/
Forbidden: /api/notifications/
Forbidden: /api/notifications/
Forbidden: /api/notifications/
Forbidden: /api/notifications/
Forbidden: /api/doctor/dashboard/
Forbidden: /api/notifications/
Forbidden: /api/notifications/
Forbidden: /api/notifications/
Forbidden: /api/notifications/
Forbidden: /api/notifications/
Forbidden: /api/notifications/
C:\Users\octave\Desktop\STROKE-PATIENT-READMISSION-SYSTEM-\stroke_project\settings.py changed, reloading.
Watching for file changes with StatReloader
Forbidden: /api/notifications/
Forbidden: /api/notifications/
Not Found: /api/admin
Forbidden: /api/notifications/
Forbidden: /api/notifications/
Forbidden: /api/notifications/
Session data corrupted
Forbidden: /api/doctor/dashboard/
Session data corrupted
Forbidden: /api/notifications/
Forbidden: /api/notifications/
Forbidden: /api/notifications/
Forbidden: /api/notifications/
Forbidden: /api/notifications/
Forbidden: /api/doctor/dashboard/
Forbidden: /api/notifications/
Forbidden: /api/doctor/dashboard/
Forbidden: /api/doctor/dashboard/
Forbidden: /api/notifications/
Forbidden: /api/notifications/
Forbidden: /api/doctor/dashboard/
Forbidden: /api/doctor/dashboard/
Forbidden: /api/doctor/dashboard/
Forbidden: /api/notifications/
Forbidden: /api/notifications/
Forbidden: /api/notifications/
Session data corrupted
Forbidden: /api/notifications/
Session data corrupted
Forbidden: /api/notifications/
Session data corrupted
Forbidden: /api/notifications/
Forbidden: /api/notifications/
Session data corrupted
Forbidden: /api/notifications/
Forbidden: /api/notifications/
Forbidden: /api/patient/1/
Forbidden: /api/patient/1/
Forbidden: /api/patient/1/reports/
Forbidden: /api/patient/1/reports/
Not Found: /api/patient/1/predict-ml/
Not Found: /api/patient/1/predict-ml/
Session data corrupted
Forbidden: /api/notifications/
Forbidden: /api/notifications/
Forbidden: /api/notifications/
Forbidden: /api/notifications/
Forbidden: /api/notifications/
Forbidden: /api/notifications/
Forbidden: /api/notifications/
Forbidden: /api/notifications/
Forbidden: /api/notifications/
Forbidden: /api/notifications/
C:\Users\octave\Desktop\STROKE-PATIENT-READMISSION-SYSTEM-\stroke_project\settings.py changed, reloading.
Watching for file changes with StatReloader
Forbidden: /api/notifications/
Forbidden: /api/notifications/
Forbidden: /api/doctor/dashboard/
Forbidden: /api/notifications/
Forbidden: /api/notifications/
Forbidden: /api/notifications/
Forbidden: /api/notifications/
Forbidden: /api/notifications/
Forbidden: /api/doctor/dashboard/
Forbidden: /api/doctor/dashboard/
Forbidden: /api/notifications/
Session data corrupted
Session data corrupted
Forbidden: /api/notifications/
Forbidden: /api/notifications/
Forbidden: /api/notifications/
Forbidden: /api/notifications/
Internal Server Error: /admin/auth/user/
Traceback (most recent call last):
  File "C:\Users\octave\AppData\Roaming\Python\Python314\site-packages\django\core\handlers\exception.py", line 55, in inner
    response = get_response(request)
  File "C:\Users\octave\AppData\Roaming\Python\Python314\site-packages\django\core\handlers\base.py", line 220, in _get_response
    response = response.render()
  File "C:\Users\octave\AppData\Roaming\Python\Python314\site-packages\django\template\response.py", line 114, in render
    self.content = self.rendered_content
                   ^^^^^^^^^^^^^^^^^^^^^
  File "C:\Users\octave\AppData\Roaming\Python\Python314\site-packages\django\template\response.py", line 92, in rendered_content
    return template.render(context, self._request)
           ~~~~~~~~~~~~~~~^^^^^^^^^^^^^^^^^^^^^^^^
  File "C:\Users\octave\AppData\Roaming\Python\Python314\site-packages\django\template\backends\django.py", line 61, in render
    return self.template.render(context)
           ~~~~~~~~~~~~~~~~~~~~^^^^^^^^^
  File "C:\Users\octave\AppData\Roaming\Python\Python314\site-packages\django\template\base.py", line 175, in render
    return self._render(context)
           ~~~~~~~~~~~~^^^^^^^^^
  File "C:\Users\octave\AppData\Roaming\Python\Python314\site-packages\django\template\base.py", line 167, in _render
    return self.nodelist.render(context)
           ~~~~~~~~~~~~~~~~~~~~^^^^^^^^^
  File "C:\Users\octave\AppData\Roaming\Python\Python314\site-packages\django\template\base.py", line 1005, in render
    return SafeString("".join([node.render_annotated(context) for node in self]))
                               ~~~~~~~~~~~~~~~~~~~~~^^^^^^^^^
  File "C:\Users\octave\AppData\Roaming\Python\Python314\site-packages\django\template\base.py", line 966, in render_annotated
    return self.render(context)
           ~~~~~~~~~~~^^^^^^^^^
  File "C:\Users\octave\AppData\Roaming\Python\Python314\site-packages\django\template\loader_tags.py", line 157, in render
    return compiled_parent._render(context)
           ~~~~~~~~~~~~~~~~~~~~~~~^^^^^^^^^
  File "C:\Users\octave\AppData\Roaming\Python\Python314\site-packages\django\template\base.py", line 167, in _render
    return self.nodelist.render(context)
           ~~~~~~~~~~~~~~~~~~~~^^^^^^^^^
  File "C:\Users\octave\AppData\Roaming\Python\Python314\site-packages\django\template\base.py", line 1005, in render
    return SafeString("".join([node.render_annotated(context) for node in self]))
                               ~~~~~~~~~~~~~~~~~~~~~^^^^^^^^^
  File "C:\Users\octave\AppData\Roaming\Python\Python314\site-packages\django\template\base.py", line 966, in render_annotated
    return self.render(context)
           ~~~~~~~~~~~^^^^^^^^^
  File "C:\Users\octave\AppData\Roaming\Python\Python314\site-packages\django\template\loader_tags.py", line 157, in render
    return compiled_parent._render(context)
           ~~~~~~~~~~~~~~~~~~~~~~~^^^^^^^^^
  File "C:\Users\octave\AppData\Roaming\Python\Python314\site-packages\django\template\base.py", line 167, in _render
    return self.nodelist.render(context)
           ~~~~~~~~~~~~~~~~~~~~^^^^^^^^^
  File "C:\Users\octave\AppData\Roaming\Python\Python314\site-packages\django\template\base.py", line 1005, in render
    return SafeString("".join([node.render_annotated(context) for node in self]))
                               ~~~~~~~~~~~~~~~~~~~~~^^^^^^^^^
  File "C:\Users\octave\AppData\Roaming\Python\Python314\site-packages\django\template\base.py", line 966, in render_annotated
    return self.render(context)
           ~~~~~~~~~~~^^^^^^^^^
  File "C:\Users\octave\AppData\Roaming\Python\Python314\site-packages\django\template\loader_tags.py", line 63, in render
    result = block.nodelist.render(context)
  File "C:\Users\octave\AppData\Roaming\Python\Python314\site-packages\django\template\base.py", line 1005, in render
    return SafeString("".join([node.render_annotated(context) for node in self]))
                               ~~~~~~~~~~~~~~~~~~~~~^^^^^^^^^
  File "C:\Users\octave\AppData\Roaming\Python\Python314\site-packages\django\template\base.py", line 966, in render_annotated
    return self.render(context)
           ~~~~~~~~~~~^^^^^^^^^
  File "C:\Users\octave\AppData\Roaming\Python\Python314\site-packages\django\template\loader_tags.py", line 63, in render
    result = block.nodelist.render(context)
  File "C:\Users\octave\AppData\Roaming\Python\Python314\site-packages\django\template\base.py", line 1005, in render
    return SafeString("".join([node.render_annotated(context) for node in self]))
                               ~~~~~~~~~~~~~~~~~~~~~^^^^^^^^^
  File "C:\Users\octave\AppData\Roaming\Python\Python314\site-packages\django\template\base.py", line 966, in render_annotated
    return self.render(context)
           ~~~~~~~~~~~^^^^^^^^^
  File "C:\Users\octave\AppData\Roaming\Python\Python314\site-packages\django\template\loader_tags.py", line 63, in render
    result = block.nodelist.render(context)
  File "C:\Users\octave\AppData\Roaming\Python\Python314\site-packages\django\template\base.py", line 1005, in render
    return SafeString("".join([node.render_annotated(context) for node in self]))
                               ~~~~~~~~~~~~~~~~~~~~~^^^^^^^^^
  File "C:\Users\octave\AppData\Roaming\Python\Python314\site-packages\django\template\base.py", line 966, in render_annotated
    return self.render(context)
           ~~~~~~~~~~~^^^^^^^^^
  File "C:\Users\octave\AppData\Roaming\Python\Python314\site-packages\django\contrib\admin\templatetags\base.py", line 45, in render
    return super().render(context)
           ~~~~~~~~~~~~~~^^^^^^^^^
  File "C:\Users\octave\AppData\Roaming\Python\Python314\site-packages\django\template\library.py", line 271, in render
    new_context = context.new(_dict)
  File "C:\Users\octave\AppData\Roaming\Python\Python314\site-packages\django\template\context.py", line 265, in new
    new_context = super().new(values)
  File "C:\Users\octave\AppData\Roaming\Python\Python314\site-packages\django\template\context.py", line 110, in new
    new_context = copy(self)
  File "C:\Python314\Lib\copy.py", line 82, in copy
    return copier(x)
  File "C:\Users\octave\AppData\Roaming\Python\Python314\site-packages\django\template\context.py", line 158, in __copy__
    duplicate = super().__copy__()
  File "C:\Users\octave\AppData\Roaming\Python\Python314\site-packages\django\template\context.py", line 39, in __copy__
    duplicate.dicts = self.dicts[:]
    ^^^^^^^^^^^^^^^
AttributeError: 'super' object has no attribute 'dicts' and no __dict__ for setting new attributes
Forbidden: /api/notifications/
Forbidden: /api/notifications/
Forbidden: /api/notifications/
Forbidden: /api/notifications/
Forbidden: /api/notifications/
Forbidden: /api/notifications/
C:\Users\octave\Desktop\STROKE-PATIENT-READMISSION-SYSTEM-\stroke_api\views.py changed, reloading.
Watching for file changes with StatReloader
C:\Users\octave\Desktop\STROKE-PATIENT-READMISSION-SYSTEM-\stroke_api\views.py changed, reloading.
Watching for file changes with StatReloader
C:\Users\octave\Desktop\STROKE-PATIENT-READMISSION-SYSTEM-\stroke_api\views.py changed, reloading.
Watching for file changes with StatReloader
C:\Users\octave\Desktop\STROKE-PATIENT-READMISSION-SYSTEM-\stroke_api\views.py changed, reloading.
Watching for file changes with StatReloader
Internal Server Error: /api/notifications/
Traceback (most recent call last):
  File "C:\Users\octave\AppData\Roaming\Python\Python314\site-packages\django\db\models\fields\__init__.py", line 2053, in get_prep_value
    return int(value)
  File "C:\Users\octave\AppData\Roaming\Python\Python314\site-packages\django\contrib\auth\models.py", line 437, in __int__
    raise TypeError(
    ...<2 lines>...
    )
TypeError: Cannot cast AnonymousUser to int. Are you trying to use it in place of User?

The above exception was the direct cause of the following exception:

Traceback (most recent call last):
  File "C:\Users\octave\AppData\Roaming\Python\Python314\site-packages\django\core\handlers\exception.py", line 55, in inner
    response = get_response(request)
  File "C:\Users\octave\AppData\Roaming\Python\Python314\site-packages\django\core\handlers\base.py", line 197, in _get_response
    response = wrapped_callback(request, *callback_args, **callback_kwargs)
  File "C:\Users\octave\AppData\Roaming\Python\Python314\site-packages\django\views\decorators\csrf.py", line 56, in wrapper_view
    return view_func(*args, **kwargs)
  File "C:\Users\octave\AppData\Roaming\Python\Python314\site-packages\django\views\generic\base.py", line 105, in view
    return self.dispatch(request, *args, **kwargs)
           ~~~~~~~~~~~~~^^^^^^^^^^^^^^^^^^^^^^^^^^
  File "C:\Users\octave\AppData\Roaming\Python\Python314\site-packages\rest_framework\views.py", line 515, in dispatch
    response = self.handle_exception(exc)
  File "C:\Users\octave\AppData\Roaming\Python\Python314\site-packages\rest_framework\views.py", line 475, in handle_exception
    self.raise_uncaught_exception(exc)
    ~~~~~~~~~~~~~~~~~~~~~~~~~~~~~^^^^^
  File "C:\Users\octave\AppData\Roaming\Python\Python314\site-packages\rest_framework\views.py", line 486, in raise_uncaught_exception
    raise exc
  File "C:\Users\octave\AppData\Roaming\Python\Python314\site-packages\rest_framework\views.py", line 512, in dispatch
    response = handler(request, *args, **kwargs)
  File "C:\Users\octave\AppData\Roaming\Python\Python314\site-packages\rest_framework\decorators.py", line 50, in handler
    return func(*args, **kwargs)
  File "C:\Users\octave\Desktop\STROKE-PATIENT-READMISSION-SYSTEM-\stroke_api\views.py", line 232, in get_notifications
    notifications = Notification.objects.filter(doctor=request.user, is_read=False).order_by('-created_at')
                    ~~~~~~~~~~~~~~~~~~~~~~~~~~~^^^^^^^^^^^^^^^^^^^^^^^^^^^^^^^^^^^^
  File "C:\Users\octave\AppData\Roaming\Python\Python314\site-packages\django\db\models\manager.py", line 87, in manager_method
    return getattr(self.get_queryset(), name)(*args, **kwargs)
           ~~~~~~~~~~~~~~~~~~~~~~~~~~~~~~~~~~^^^^^^^^^^^^^^^^^
  File "C:\Users\octave\AppData\Roaming\Python\Python314\site-packages\django\db\models\query.py", line 1438, in filter
    return self._filter_or_exclude(False, args, kwargs)
           ~~~~~~~~~~~~~~~~~~~~~~~^^^^^^^^^^^^^^^^^^^^^
  File "C:\Users\octave\AppData\Roaming\Python\Python314\site-packages\django\db\models\query.py", line 1456, in _filter_or_exclude
    clone._filter_or_exclude_inplace(negate, args, kwargs)
    ~~~~~~~~~~~~~~~~~~~~~~~~~~~~~~~~^^^^^^^^^^^^^^^^^^^^^^
  File "C:\Users\octave\AppData\Roaming\Python\Python314\site-packages\django\db\models\query.py", line 1466, in _filter_or_exclude_inplace
    self._query.add_q(Q(*args, **kwargs))
    ~~~~~~~~~~~~~~~~~^^^^^^^^^^^^^^^^^^^^
  File "C:\Users\octave\AppData\Roaming\Python\Python314\site-packages\django\db\models\sql\query.py", line 1548, in add_q
    clause, _ = self._add_q(q_object, self.used_aliases)
                ~~~~~~~~~~~^^^^^^^^^^^^^^^^^^^^^^^^^^^^^
  File "C:\Users\octave\AppData\Roaming\Python\Python314\site-packages\django\db\models\sql\query.py", line 1579, in _add_q
    child_clause, needed_inner = self.build_filter(
                                 ~~~~~~~~~~~~~~~~~^
        child,
        ^^^^^^
    ...<6 lines>...
        summarize=summarize,
        ^^^^^^^^^^^^^^^^^^^^
    )
    ^
  File "C:\Users\octave\AppData\Roaming\Python\Python314\site-packages\django\db\models\sql\query.py", line 1494, in build_filter
    condition = self.build_lookup(lookups, col, value)
  File "C:\Users\octave\AppData\Roaming\Python\Python314\site-packages\django\db\models\sql\query.py", line 1321, in build_lookup
    lookup = lookup_class(lhs, rhs)
  File "C:\Users\octave\AppData\Roaming\Python\Python314\site-packages\django\db\models\lookups.py", line 27, in __init__
    self.rhs = self.get_prep_lookup()
               ~~~~~~~~~~~~~~~~~~~~^^
  File "C:\Users\octave\AppData\Roaming\Python\Python314\site-packages\django\db\models\fields\related_lookups.py", line 166, in get_prep_lookup
    self.rhs = target_field.get_prep_value(self.rhs)
               ~~~~~~~~~~~~~~~~~~~~~~~~~~~^^^^^^^^^^
  File "C:\Users\octave\AppData\Roaming\Python\Python314\site-packages\django\db\models\fields\__init__.py", line 2055, in get_prep_value
    raise e.__class__(
        "Field '%s' expected a number but got %r." % (self.name, value),
    ) from e
TypeError: Field 'id' expected a number but got <django.contrib.auth.models.AnonymousUser object at 0x0000017236274980>.
C:\Users\octave\Desktop\STROKE-PATIENT-READMISSION-SYSTEM-\stroke_project\settings.py changed, reloading.
Watching for file changes with StatReloader
Internal Server Error: /api/notifications/
Traceback (most recent call last):
  File "C:\Users\octave\AppData\Roaming\Python\Python314\site-packages\django\db\models\fields\__init__.py", line 2053, in get_prep_value
    return int(value)
  File "C:\Users\octave\AppData\Roaming\Python\Python314\site-packages\django\contrib\auth\models.py", line 437, in __int__
    raise TypeError(
    ...<2 lines>...
    )
TypeError: Cannot cast AnonymousUser to int. Are you trying to use it in place of User?

The above exception was the direct cause of the following exception:

Traceback (most recent call last):
  File "C:\Users\octave\AppData\Roaming\Python\Python314\site-packages\django\core\handlers\exception.py", line 55, in inner
    response = get_response(request)
  File "C:\Users\octave\AppData\Roaming\Python\Python314\site-packages\django\core\handlers\base.py", line 197, in _get_response
    response = wrapped_callback(request, *callback_args, **callback_kwargs)
  File "C:\Users\octave\AppData\Roaming\Python\Python314\site-packages\django\views\decorators\csrf.py", line 56, in wrapper_view
    return view_func(*args, **kwargs)
  File "C:\Users\octave\AppData\Roaming\Python\Python314\site-packages\django\views\generic\base.py", line 105, in view
    return self.dispatch(request, *args, **kwargs)
           ~~~~~~~~~~~~~^^^^^^^^^^^^^^^^^^^^^^^^^^
  File "C:\Users\octave\AppData\Roaming\Python\Python314\site-packages\rest_framework\views.py", line 515, in dispatch
    response = self.handle_exception(exc)
  File "C:\Users\octave\AppData\Roaming\Python\Python314\site-packages\rest_framework\views.py", line 475, in handle_exception
    self.raise_uncaught_exception(exc)
    ~~~~~~~~~~~~~~~~~~~~~~~~~~~~~^^^^^
  File "C:\Users\octave\AppData\Roaming\Python\Python314\site-packages\rest_framework\views.py", line 486, in raise_uncaught_exception
    raise exc
  File "C:\Users\octave\AppData\Roaming\Python\Python314\site-packages\rest_framework\views.py", line 512, in dispatch
    response = handler(request, *args, **kwargs)
  File "C:\Users\octave\AppData\Roaming\Python\Python314\site-packages\rest_framework\decorators.py", line 50, in handler
    return func(*args, **kwargs)
  File "C:\Users\octave\Desktop\STROKE-PATIENT-READMISSION-SYSTEM-\stroke_api\views.py", line 232, in get_notifications
    notifications = Notification.objects.filter(doctor=request.user, is_read=False).order_by('-created_at')
                    ~~~~~~~~~~~~~~~~~~~~~~~~~~~^^^^^^^^^^^^^^^^^^^^^^^^^^^^^^^^^^^^
  File "C:\Users\octave\AppData\Roaming\Python\Python314\site-packages\django\db\models\manager.py", line 87, in manager_method
    return getattr(self.get_queryset(), name)(*args, **kwargs)
           ~~~~~~~~~~~~~~~~~~~~~~~~~~~~~~~~~~^^^^^^^^^^^^^^^^^
  File "C:\Users\octave\AppData\Roaming\Python\Python314\site-packages\django\db\models\query.py", line 1438, in filter
    return self._filter_or_exclude(False, args, kwargs)
           ~~~~~~~~~~~~~~~~~~~~~~~^^^^^^^^^^^^^^^^^^^^^
  File "C:\Users\octave\AppData\Roaming\Python\Python314\site-packages\django\db\models\query.py", line 1456, in _filter_or_exclude
    clone._filter_or_exclude_inplace(negate, args, kwargs)
    ~~~~~~~~~~~~~~~~~~~~~~~~~~~~~~~~^^^^^^^^^^^^^^^^^^^^^^
  File "C:\Users\octave\AppData\Roaming\Python\Python314\site-packages\django\db\models\query.py", line 1466, in _filter_or_exclude_inplace
    self._query.add_q(Q(*args, **kwargs))
    ~~~~~~~~~~~~~~~~~^^^^^^^^^^^^^^^^^^^^
  File "C:\Users\octave\AppData\Roaming\Python\Python314\site-packages\django\db\models\sql\query.py", line 1548, in add_q
    clause, _ = self._add_q(q_object, self.used_aliases)
                ~~~~~~~~~~~^^^^^^^^^^^^^^^^^^^^^^^^^^^^^
  File "C:\Users\octave\AppData\Roaming\Python\Python314\site-packages\django\db\models\sql\query.py", line 1579, in _add_q
    child_clause, needed_inner = self.build_filter(
                                 ~~~~~~~~~~~~~~~~~^
        child,
        ^^^^^^
    ...<6 lines>...
        summarize=summarize,
        ^^^^^^^^^^^^^^^^^^^^
    )
    ^
  File "C:\Users\octave\AppData\Roaming\Python\Python314\site-packages\django\db\models\sql\query.py", line 1494, in build_filter
    condition = self.build_lookup(lookups, col, value)
  File "C:\Users\octave\AppData\Roaming\Python\Python314\site-packages\django\db\models\sql\query.py", line 1321, in build_lookup
    lookup = lookup_class(lhs, rhs)
  File "C:\Users\octave\AppData\Roaming\Python\Python314\site-packages\django\db\models\lookups.py", line 27, in __init__
    self.rhs = self.get_prep_lookup()
               ~~~~~~~~~~~~~~~~~~~~^^
  File "C:\Users\octave\AppData\Roaming\Python\Python314\site-packages\django\db\models\fields\related_lookups.py", line 166, in get_prep_lookup
    self.rhs = target_field.get_prep_value(self.rhs)
               ~~~~~~~~~~~~~~~~~~~~~~~~~~~^^^^^^^^^^
  File "C:\Users\octave\AppData\Roaming\Python\Python314\site-packages\django\db\models\fields\__init__.py", line 2055, in get_prep_value
    raise e.__class__(
        "Field '%s' expected a number but got %r." % (self.name, value),
    ) from e
TypeError: Field 'id' expected a number but got <django.contrib.auth.models.AnonymousUser object at 0x00000254A7CE4AD0>.
Internal Server Error: /api/notifications/
Traceback (most recent call last):
  File "C:\Users\octave\AppData\Roaming\Python\Python314\site-packages\django\db\models\fields\__init__.py", line 2053, in get_prep_value
    return int(value)
  File "C:\Users\octave\AppData\Roaming\Python\Python314\site-packages\django\contrib\auth\models.py", line 437, in __int__
    raise TypeError(
    ...<2 lines>...
    )
TypeError: Cannot cast AnonymousUser to int. Are you trying to use it in place of User?

The above exception was the direct cause of the following exception:

Traceback (most recent call last):
  File "C:\Users\octave\AppData\Roaming\Python\Python314\site-packages\django\core\handlers\exception.py", line 55, in inner
    response = get_response(request)
  File "C:\Users\octave\AppData\Roaming\Python\Python314\site-packages\django\core\handlers\base.py", line 197, in _get_response
    response = wrapped_callback(request, *callback_args, **callback_kwargs)
  File "C:\Users\octave\AppData\Roaming\Python\Python314\site-packages\django\views\decorators\csrf.py", line 56, in wrapper_view
    return view_func(*args, **kwargs)
  File "C:\Users\octave\AppData\Roaming\Python\Python314\site-packages\django\views\generic\base.py", line 105, in view
    return self.dispatch(request, *args, **kwargs)
           ~~~~~~~~~~~~~^^^^^^^^^^^^^^^^^^^^^^^^^^
  File "C:\Users\octave\AppData\Roaming\Python\Python314\site-packages\rest_framework\views.py", line 515, in dispatch
    response = self.handle_exception(exc)
  File "C:\Users\octave\AppData\Roaming\Python\Python314\site-packages\rest_framework\views.py", line 475, in handle_exception
    self.raise_uncaught_exception(exc)
    ~~~~~~~~~~~~~~~~~~~~~~~~~~~~~^^^^^
  File "C:\Users\octave\AppData\Roaming\Python\Python314\site-packages\rest_framework\views.py", line 486, in raise_uncaught_exception
    raise exc
  File "C:\Users\octave\AppData\Roaming\Python\Python314\site-packages\rest_framework\views.py", line 512, in dispatch
    response = handler(request, *args, **kwargs)
  File "C:\Users\octave\AppData\Roaming\Python\Python314\site-packages\rest_framework\decorators.py", line 50, in handler
    return func(*args, **kwargs)
  File "C:\Users\octave\Desktop\STROKE-PATIENT-READMISSION-SYSTEM-\stroke_api\views.py", line 232, in get_notifications
    notifications = Notification.objects.filter(doctor=request.user, is_read=False).order_by('-created_at')
                    ~~~~~~~~~~~~~~~~~~~~~~~~~~~^^^^^^^^^^^^^^^^^^^^^^^^^^^^^^^^^^^^
  File "C:\Users\octave\AppData\Roaming\Python\Python314\site-packages\django\db\models\manager.py", line 87, in manager_method
    return getattr(self.get_queryset(), name)(*args, **kwargs)
           ~~~~~~~~~~~~~~~~~~~~~~~~~~~~~~~~~~^^^^^^^^^^^^^^^^^
  File "C:\Users\octave\AppData\Roaming\Python\Python314\site-packages\django\db\models\query.py", line 1438, in filter
    return self._filter_or_exclude(False, args, kwargs)
           ~~~~~~~~~~~~~~~~~~~~~~~^^^^^^^^^^^^^^^^^^^^^
  File "C:\Users\octave\AppData\Roaming\Python\Python314\site-packages\django\db\models\query.py", line 1456, in _filter_or_exclude
    clone._filter_or_exclude_inplace(negate, args, kwargs)
    ~~~~~~~~~~~~~~~~~~~~~~~~~~~~~~~~^^^^^^^^^^^^^^^^^^^^^^
  File "C:\Users\octave\AppData\Roaming\Python\Python314\site-packages\django\db\models\query.py", line 1466, in _filter_or_exclude_inplace
    self._query.add_q(Q(*args, **kwargs))
    ~~~~~~~~~~~~~~~~~^^^^^^^^^^^^^^^^^^^^
  File "C:\Users\octave\AppData\Roaming\Python\Python314\site-packages\django\db\models\sql\query.py", line 1548, in add_q
    clause, _ = self._add_q(q_object, self.used_aliases)
                ~~~~~~~~~~~^^^^^^^^^^^^^^^^^^^^^^^^^^^^^
  File "C:\Users\octave\AppData\Roaming\Python\Python314\site-packages\django\db\models\sql\query.py", line 1579, in _add_q
    child_clause, needed_inner = self.build_filter(
                                 ~~~~~~~~~~~~~~~~~^
        child,
        ^^^^^^
    ...<6 lines>...
        summarize=summarize,
        ^^^^^^^^^^^^^^^^^^^^
    )
    ^
  File "C:\Users\octave\AppData\Roaming\Python\Python314\site-packages\django\db\models\sql\query.py", line 1494, in build_filter
    condition = self.build_lookup(lookups, col, value)
  File "C:\Users\octave\AppData\Roaming\Python\Python314\site-packages\django\db\models\sql\query.py", line 1321, in build_lookup
    lookup = lookup_class(lhs, rhs)
  File "C:\Users\octave\AppData\Roaming\Python\Python314\site-packages\django\db\models\lookups.py", line 27, in __init__
    self.rhs = self.get_prep_lookup()
               ~~~~~~~~~~~~~~~~~~~~^^
  File "C:\Users\octave\AppData\Roaming\Python\Python314\site-packages\django\db\models\fields\related_lookups.py", line 166, in get_prep_lookup
    self.rhs = target_field.get_prep_value(self.rhs)
               ~~~~~~~~~~~~~~~~~~~~~~~~~~~^^^^^^^^^^
  File "C:\Users\octave\AppData\Roaming\Python\Python314\site-packages\django\db\models\fields\__init__.py", line 2055, in get_prep_value
    raise e.__class__(
        "Field '%s' expected a number but got %r." % (self.name, value),
    ) from e
TypeError: Field 'id' expected a number but got <django.contrib.auth.models.AnonymousUser object at 0x00000254A87B8550>.
Internal Server Error: /api/notifications/
Traceback (most recent call last):
  File "C:\Users\octave\AppData\Roaming\Python\Python314\site-packages\django\db\models\fields\__init__.py", line 2053, in get_prep_value
    return int(value)
  File "C:\Users\octave\AppData\Roaming\Python\Python314\site-packages\django\contrib\auth\models.py", line 437, in __int__
    raise TypeError(
    ...<2 lines>...
    )
TypeError: Cannot cast AnonymousUser to int. Are you trying to use it in place of User?

The above exception was the direct cause of the following exception:

Traceback (most recent call last):
  File "C:\Users\octave\AppData\Roaming\Python\Python314\site-packages\django\core\handlers\exception.py", line 55, in inner
    response = get_response(request)
  File "C:\Users\octave\AppData\Roaming\Python\Python314\site-packages\django\core\handlers\base.py", line 197, in _get_response
    response = wrapped_callback(request, *callback_args, **callback_kwargs)
  File "C:\Users\octave\AppData\Roaming\Python\Python314\site-packages\django\views\decorators\csrf.py", line 56, in wrapper_view
    return view_func(*args, **kwargs)
  File "C:\Users\octave\AppData\Roaming\Python\Python314\site-packages\django\views\generic\base.py", line 105, in view
    return self.dispatch(request, *args, **kwargs)
           ~~~~~~~~~~~~~^^^^^^^^^^^^^^^^^^^^^^^^^^
  File "C:\Users\octave\AppData\Roaming\Python\Python314\site-packages\rest_framework\views.py", line 515, in dispatch
    response = self.handle_exception(exc)
  File "C:\Users\octave\AppData\Roaming\Python\Python314\site-packages\rest_framework\views.py", line 475, in handle_exception
    self.raise_uncaught_exception(exc)
    ~~~~~~~~~~~~~~~~~~~~~~~~~~~~~^^^^^
  File "C:\Users\octave\AppData\Roaming\Python\Python314\site-packages\rest_framework\views.py", line 486, in raise_uncaught_exception
    raise exc
  File "C:\Users\octave\AppData\Roaming\Python\Python314\site-packages\rest_framework\views.py", line 512, in dispatch
    response = handler(request, *args, **kwargs)
  File "C:\Users\octave\AppData\Roaming\Python\Python314\site-packages\rest_framework\decorators.py", line 50, in handler
    return func(*args, **kwargs)
  File "C:\Users\octave\Desktop\STROKE-PATIENT-READMISSION-SYSTEM-\stroke_api\views.py", line 232, in get_notifications
    notifications = Notification.objects.filter(doctor=request.user, is_read=False).order_by('-created_at')
                    ~~~~~~~~~~~~~~~~~~~~~~~~~~~^^^^^^^^^^^^^^^^^^^^^^^^^^^^^^^^^^^^
  File "C:\Users\octave\AppData\Roaming\Python\Python314\site-packages\django\db\models\manager.py", line 87, in manager_method
    return getattr(self.get_queryset(), name)(*args, **kwargs)
           ~~~~~~~~~~~~~~~~~~~~~~~~~~~~~~~~~~^^^^^^^^^^^^^^^^^
  File "C:\Users\octave\AppData\Roaming\Python\Python314\site-packages\django\db\models\query.py", line 1438, in filter
    return self._filter_or_exclude(False, args, kwargs)
           ~~~~~~~~~~~~~~~~~~~~~~~^^^^^^^^^^^^^^^^^^^^^
  File "C:\Users\octave\AppData\Roaming\Python\Python314\site-packages\django\db\models\query.py", line 1456, in _filter_or_exclude
    clone._filter_or_exclude_inplace(negate, args, kwargs)
    ~~~~~~~~~~~~~~~~~~~~~~~~~~~~~~~~^^^^^^^^^^^^^^^^^^^^^^
  File "C:\Users\octave\AppData\Roaming\Python\Python314\site-packages\django\db\models\query.py", line 1466, in _filter_or_exclude_inplace
    self._query.add_q(Q(*args, **kwargs))
    ~~~~~~~~~~~~~~~~~^^^^^^^^^^^^^^^^^^^^
  File "C:\Users\octave\AppData\Roaming\Python\Python314\site-packages\django\db\models\sql\query.py", line 1548, in add_q
    clause, _ = self._add_q(q_object, self.used_aliases)
                ~~~~~~~~~~~^^^^^^^^^^^^^^^^^^^^^^^^^^^^^
  File "C:\Users\octave\AppData\Roaming\Python\Python314\site-packages\django\db\models\sql\query.py", line 1579, in _add_q
    child_clause, needed_inner = self.build_filter(
                                 ~~~~~~~~~~~~~~~~~^
        child,
        ^^^^^^
    ...<6 lines>...
        summarize=summarize,
        ^^^^^^^^^^^^^^^^^^^^
    )
    ^
  File "C:\Users\octave\AppData\Roaming\Python\Python314\site-packages\django\db\models\sql\query.py", line 1494, in build_filter
    condition = self.build_lookup(lookups, col, value)
  File "C:\Users\octave\AppData\Roaming\Python\Python314\site-packages\django\db\models\sql\query.py", line 1321, in build_lookup
    lookup = lookup_class(lhs, rhs)
  File "C:\Users\octave\AppData\Roaming\Python\Python314\site-packages\django\db\models\lookups.py", line 27, in __init__
    self.rhs = self.get_prep_lookup()
               ~~~~~~~~~~~~~~~~~~~~^^
  File "C:\Users\octave\AppData\Roaming\Python\Python314\site-packages\django\db\models\fields\related_lookups.py", line 166, in get_prep_lookup
    self.rhs = target_field.get_prep_value(self.rhs)
               ~~~~~~~~~~~~~~~~~~~~~~~~~~~^^^^^^^^^^
  File "C:\Users\octave\AppData\Roaming\Python\Python314\site-packages\django\db\models\fields\__init__.py", line 2055, in get_prep_value
    raise e.__class__(
        "Field '%s' expected a number but got %r." % (self.name, value),
    ) from e
TypeError: Field 'id' expected a number but got <django.contrib.auth.models.AnonymousUser object at 0x00000254A81D4C30>.
Internal Server Error: /api/notifications/
Traceback (most recent call last):
  File "C:\Users\octave\AppData\Roaming\Python\Python314\site-packages\django\db\models\fields\__init__.py", line 2053, in get_prep_value
    return int(value)
  File "C:\Users\octave\AppData\Roaming\Python\Python314\site-packages\django\contrib\auth\models.py", line 437, in __int__
    raise TypeError(
    ...<2 lines>...
    )
TypeError: Cannot cast AnonymousUser to int. Are you trying to use it in place of User?

The above exception was the direct cause of the following exception:

Traceback (most recent call last):
  File "C:\Users\octave\AppData\Roaming\Python\Python314\site-packages\django\core\handlers\exception.py", line 55, in inner
    response = get_response(request)
  File "C:\Users\octave\AppData\Roaming\Python\Python314\site-packages\django\core\handlers\base.py", line 197, in _get_response
    response = wrapped_callback(request, *callback_args, **callback_kwargs)
  File "C:\Users\octave\AppData\Roaming\Python\Python314\site-packages\django\views\decorators\csrf.py", line 56, in wrapper_view
    return view_func(*args, **kwargs)
  File "C:\Users\octave\AppData\Roaming\Python\Python314\site-packages\django\views\generic\base.py", line 105, in view
    return self.dispatch(request, *args, **kwargs)
           ~~~~~~~~~~~~~^^^^^^^^^^^^^^^^^^^^^^^^^^
  File "C:\Users\octave\AppData\Roaming\Python\Python314\site-packages\rest_framework\views.py", line 515, in dispatch
    response = self.handle_exception(exc)
  File "C:\Users\octave\AppData\Roaming\Python\Python314\site-packages\rest_framework\views.py", line 475, in handle_exception
    self.raise_uncaught_exception(exc)
    ~~~~~~~~~~~~~~~~~~~~~~~~~~~~~^^^^^
  File "C:\Users\octave\AppData\Roaming\Python\Python314\site-packages\rest_framework\views.py", line 486, in raise_uncaught_exception
    raise exc
  File "C:\Users\octave\AppData\Roaming\Python\Python314\site-packages\rest_framework\views.py", line 512, in dispatch
    response = handler(request, *args, **kwargs)
  File "C:\Users\octave\AppData\Roaming\Python\Python314\site-packages\rest_framework\decorators.py", line 50, in handler
    return func(*args, **kwargs)
  File "C:\Users\octave\Desktop\STROKE-PATIENT-READMISSION-SYSTEM-\stroke_api\views.py", line 232, in get_notifications
    notifications = Notification.objects.filter(doctor=request.user, is_read=False).order_by('-created_at')
                    ~~~~~~~~~~~~~~~~~~~~~~~~~~~^^^^^^^^^^^^^^^^^^^^^^^^^^^^^^^^^^^^
  File "C:\Users\octave\AppData\Roaming\Python\Python314\site-packages\django\db\models\manager.py", line 87, in manager_method
    return getattr(self.get_queryset(), name)(*args, **kwargs)
           ~~~~~~~~~~~~~~~~~~~~~~~~~~~~~~~~~~^^^^^^^^^^^^^^^^^
  File "C:\Users\octave\AppData\Roaming\Python\Python314\site-packages\django\db\models\query.py", line 1438, in filter
    return self._filter_or_exclude(False, args, kwargs)
           ~~~~~~~~~~~~~~~~~~~~~~~^^^^^^^^^^^^^^^^^^^^^
  File "C:\Users\octave\AppData\Roaming\Python\Python314\site-packages\django\db\models\query.py", line 1456, in _filter_or_exclude
    clone._filter_or_exclude_inplace(negate, args, kwargs)
    ~~~~~~~~~~~~~~~~~~~~~~~~~~~~~~~~^^^^^^^^^^^^^^^^^^^^^^
  File "C:\Users\octave\AppData\Roaming\Python\Python314\site-packages\django\db\models\query.py", line 1466, in _filter_or_exclude_inplace
    self._query.add_q(Q(*args, **kwargs))
    ~~~~~~~~~~~~~~~~~^^^^^^^^^^^^^^^^^^^^
  File "C:\Users\octave\AppData\Roaming\Python\Python314\site-packages\django\db\models\sql\query.py", line 1548, in add_q
    clause, _ = self._add_q(q_object, self.used_aliases)
                ~~~~~~~~~~~^^^^^^^^^^^^^^^^^^^^^^^^^^^^^
  File "C:\Users\octave\AppData\Roaming\Python\Python314\site-packages\django\db\models\sql\query.py", line 1579, in _add_q
    child_clause, needed_inner = self.build_filter(
                                 ~~~~~~~~~~~~~~~~~^
        child,
        ^^^^^^
    ...<6 lines>...
        summarize=summarize,
        ^^^^^^^^^^^^^^^^^^^^
    )
    ^
  File "C:\Users\octave\AppData\Roaming\Python\Python314\site-packages\django\db\models\sql\query.py", line 1494, in build_filter
    condition = self.build_lookup(lookups, col, value)
  File "C:\Users\octave\AppData\Roaming\Python\Python314\site-packages\django\db\models\sql\query.py", line 1321, in build_lookup
    lookup = lookup_class(lhs, rhs)
  File "C:\Users\octave\AppData\Roaming\Python\Python314\site-packages\django\db\models\lookups.py", line 27, in __init__
    self.rhs = self.get_prep_lookup()
               ~~~~~~~~~~~~~~~~~~~~^^
  File "C:\Users\octave\AppData\Roaming\Python\Python314\site-packages\django\db\models\fields\related_lookups.py", line 166, in get_prep_lookup
    self.rhs = target_field.get_prep_value(self.rhs)
               ~~~~~~~~~~~~~~~~~~~~~~~~~~~^^^^^^^^^^
  File "C:\Users\octave\AppData\Roaming\Python\Python314\site-packages\django\db\models\fields\__init__.py", line 2055, in get_prep_value
    raise e.__class__(
        "Field '%s' expected a number but got %r." % (self.name, value),
    ) from e
TypeError: Field 'id' expected a number but got <django.contrib.auth.models.AnonymousUser object at 0x00000254A81D6520>.
Forbidden: /api/patient/1/
Forbidden: /api/patient/1/reports/
Forbidden: /api/patient/1/reports/
Forbidden: /api/patient/1/
Internal Server Error: /api/notifications/
Traceback (most recent call last):
  File "C:\Users\octave\AppData\Roaming\Python\Python314\site-packages\django\db\models\fields\__init__.py", line 2053, in get_prep_value
    return int(value)
  File "C:\Users\octave\AppData\Roaming\Python\Python314\site-packages\django\contrib\auth\models.py", line 437, in __int__
    raise TypeError(
    ...<2 lines>...
    )
TypeError: Cannot cast AnonymousUser to int. Are you trying to use it in place of User?

The above exception was the direct cause of the following exception:

Traceback (most recent call last):
  File "C:\Users\octave\AppData\Roaming\Python\Python314\site-packages\django\core\handlers\exception.py", line 55, in inner
    response = get_response(request)
  File "C:\Users\octave\AppData\Roaming\Python\Python314\site-packages\django\core\handlers\base.py", line 197, in _get_response
    response = wrapped_callback(request, *callback_args, **callback_kwargs)
  File "C:\Users\octave\AppData\Roaming\Python\Python314\site-packages\django\views\decorators\csrf.py", line 56, in wrapper_view
    return view_func(*args, **kwargs)
  File "C:\Users\octave\AppData\Roaming\Python\Python314\site-packages\django\views\generic\base.py", line 105, in view
    return self.dispatch(request, *args, **kwargs)
           ~~~~~~~~~~~~~^^^^^^^^^^^^^^^^^^^^^^^^^^
  File "C:\Users\octave\AppData\Roaming\Python\Python314\site-packages\rest_framework\views.py", line 515, in dispatch
    response = self.handle_exception(exc)
  File "C:\Users\octave\AppData\Roaming\Python\Python314\site-packages\rest_framework\views.py", line 475, in handle_exception
    self.raise_uncaught_exception(exc)
    ~~~~~~~~~~~~~~~~~~~~~~~~~~~~~^^^^^
  File "C:\Users\octave\AppData\Roaming\Python\Python314\site-packages\rest_framework\views.py", line 486, in raise_uncaught_exception
    raise exc
  File "C:\Users\octave\AppData\Roaming\Python\Python314\site-packages\rest_framework\views.py", line 512, in dispatch
    response = handler(request, *args, **kwargs)
  File "C:\Users\octave\AppData\Roaming\Python\Python314\site-packages\rest_framework\decorators.py", line 50, in handler
    return func(*args, **kwargs)
  File "C:\Users\octave\Desktop\STROKE-PATIENT-READMISSION-SYSTEM-\stroke_api\views.py", line 232, in get_notifications
    notifications = Notification.objects.filter(doctor=request.user, is_read=False).order_by('-created_at')
                    ~~~~~~~~~~~~~~~~~~~~~~~~~~~^^^^^^^^^^^^^^^^^^^^^^^^^^^^^^^^^^^^
  File "C:\Users\octave\AppData\Roaming\Python\Python314\site-packages\django\db\models\manager.py", line 87, in manager_method
    return getattr(self.get_queryset(), name)(*args, **kwargs)
           ~~~~~~~~~~~~~~~~~~~~~~~~~~~~~~~~~~^^^^^^^^^^^^^^^^^
  File "C:\Users\octave\AppData\Roaming\Python\Python314\site-packages\django\db\models\query.py", line 1438, in filter
    return self._filter_or_exclude(False, args, kwargs)
           ~~~~~~~~~~~~~~~~~~~~~~~^^^^^^^^^^^^^^^^^^^^^
  File "C:\Users\octave\AppData\Roaming\Python\Python314\site-packages\django\db\models\query.py", line 1456, in _filter_or_exclude
    clone._filter_or_exclude_inplace(negate, args, kwargs)
    ~~~~~~~~~~~~~~~~~~~~~~~~~~~~~~~~^^^^^^^^^^^^^^^^^^^^^^
  File "C:\Users\octave\AppData\Roaming\Python\Python314\site-packages\django\db\models\query.py", line 1466, in _filter_or_exclude_inplace
    self._query.add_q(Q(*args, **kwargs))
    ~~~~~~~~~~~~~~~~~^^^^^^^^^^^^^^^^^^^^
  File "C:\Users\octave\AppData\Roaming\Python\Python314\site-packages\django\db\models\sql\query.py", line 1548, in add_q
    clause, _ = self._add_q(q_object, self.used_aliases)
                ~~~~~~~~~~~^^^^^^^^^^^^^^^^^^^^^^^^^^^^^
  File "C:\Users\octave\AppData\Roaming\Python\Python314\site-packages\django\db\models\sql\query.py", line 1579, in _add_q
    child_clause, needed_inner = self.build_filter(
                                 ~~~~~~~~~~~~~~~~~^
        child,
        ^^^^^^
    ...<6 lines>...
        summarize=summarize,
        ^^^^^^^^^^^^^^^^^^^^
    )
    ^
  File "C:\Users\octave\AppData\Roaming\Python\Python314\site-packages\django\db\models\sql\query.py", line 1494, in build_filter
    condition = self.build_lookup(lookups, col, value)
  File "C:\Users\octave\AppData\Roaming\Python\Python314\site-packages\django\db\models\sql\query.py", line 1321, in build_lookup
    lookup = lookup_class(lhs, rhs)
  File "C:\Users\octave\AppData\Roaming\Python\Python314\site-packages\django\db\models\lookups.py", line 27, in __init__
    self.rhs = self.get_prep_lookup()
               ~~~~~~~~~~~~~~~~~~~~^^
  File "C:\Users\octave\AppData\Roaming\Python\Python314\site-packages\django\db\models\fields\related_lookups.py", line 166, in get_prep_lookup
    self.rhs = target_field.get_prep_value(self.rhs)
               ~~~~~~~~~~~~~~~~~~~~~~~~~~~^^^^^^^^^^
  File "C:\Users\octave\AppData\Roaming\Python\Python314\site-packages\django\db\models\fields\__init__.py", line 2055, in get_prep_value
    raise e.__class__(
        "Field '%s' expected a number but got %r." % (self.name, value),
    ) from e
TypeError: Field 'id' expected a number but got <django.contrib.auth.models.AnonymousUser object at 0x00000254A87BE8A0>.
Internal Server Error: /api/notifications/
Traceback (most recent call last):
  File "C:\Users\octave\AppData\Roaming\Python\Python314\site-packages\django\db\models\fields\__init__.py", line 2053, in get_prep_value
    return int(value)
  File "C:\Users\octave\AppData\Roaming\Python\Python314\site-packages\django\contrib\auth\models.py", line 437, in __int__
    raise TypeError(
    ...<2 lines>...
    )
TypeError: Cannot cast AnonymousUser to int. Are you trying to use it in place of User?

The above exception was the direct cause of the following exception:

Traceback (most recent call last):
  File "C:\Users\octave\AppData\Roaming\Python\Python314\site-packages\django\core\handlers\exception.py", line 55, in inner
    response = get_response(request)
  File "C:\Users\octave\AppData\Roaming\Python\Python314\site-packages\django\core\handlers\base.py", line 197, in _get_response
    response = wrapped_callback(request, *callback_args, **callback_kwargs)
  File "C:\Users\octave\AppData\Roaming\Python\Python314\site-packages\django\views\decorators\csrf.py", line 56, in wrapper_view
    return view_func(*args, **kwargs)
  File "C:\Users\octave\AppData\Roaming\Python\Python314\site-packages\django\views\generic\base.py", line 105, in view
    return self.dispatch(request, *args, **kwargs)
           ~~~~~~~~~~~~~^^^^^^^^^^^^^^^^^^^^^^^^^^
  File "C:\Users\octave\AppData\Roaming\Python\Python314\site-packages\rest_framework\views.py", line 515, in dispatch
    response = self.handle_exception(exc)
  File "C:\Users\octave\AppData\Roaming\Python\Python314\site-packages\rest_framework\views.py", line 475, in handle_exception
    self.raise_uncaught_exception(exc)
    ~~~~~~~~~~~~~~~~~~~~~~~~~~~~~^^^^^
  File "C:\Users\octave\AppData\Roaming\Python\Python314\site-packages\rest_framework\views.py", line 486, in raise_uncaught_exception
    raise exc
  File "C:\Users\octave\AppData\Roaming\Python\Python314\site-packages\rest_framework\views.py", line 512, in dispatch
    response = handler(request, *args, **kwargs)
  File "C:\Users\octave\AppData\Roaming\Python\Python314\site-packages\rest_framework\decorators.py", line 50, in handler
    return func(*args, **kwargs)
  File "C:\Users\octave\Desktop\STROKE-PATIENT-READMISSION-SYSTEM-\stroke_api\views.py", line 232, in get_notifications
    notifications = Notification.objects.filter(doctor=request.user, is_read=False).order_by('-created_at')
                    ~~~~~~~~~~~~~~~~~~~~~~~~~~~^^^^^^^^^^^^^^^^^^^^^^^^^^^^^^^^^^^^
  File "C:\Users\octave\AppData\Roaming\Python\Python314\site-packages\django\db\models\manager.py", line 87, in manager_method
    return getattr(self.get_queryset(), name)(*args, **kwargs)
           ~~~~~~~~~~~~~~~~~~~~~~~~~~~~~~~~~~^^^^^^^^^^^^^^^^^
  File "C:\Users\octave\AppData\Roaming\Python\Python314\site-packages\django\db\models\query.py", line 1438, in filter
    return self._filter_or_exclude(False, args, kwargs)
           ~~~~~~~~~~~~~~~~~~~~~~~^^^^^^^^^^^^^^^^^^^^^
  File "C:\Users\octave\AppData\Roaming\Python\Python314\site-packages\django\db\models\query.py", line 1456, in _filter_or_exclude
    clone._filter_or_exclude_inplace(negate, args, kwargs)
    ~~~~~~~~~~~~~~~~~~~~~~~~~~~~~~~~^^^^^^^^^^^^^^^^^^^^^^
  File "C:\Users\octave\AppData\Roaming\Python\Python314\site-packages\django\db\models\query.py", line 1466, in _filter_or_exclude_inplace
    self._query.add_q(Q(*args, **kwargs))
    ~~~~~~~~~~~~~~~~~^^^^^^^^^^^^^^^^^^^^
  File "C:\Users\octave\AppData\Roaming\Python\Python314\site-packages\django\db\models\sql\query.py", line 1548, in add_q
    clause, _ = self._add_q(q_object, self.used_aliases)
                ~~~~~~~~~~~^^^^^^^^^^^^^^^^^^^^^^^^^^^^^
  File "C:\Users\octave\AppData\Roaming\Python\Python314\site-packages\django\db\models\sql\query.py", line 1579, in _add_q
    child_clause, needed_inner = self.build_filter(
                                 ~~~~~~~~~~~~~~~~~^
        child,
        ^^^^^^
    ...<6 lines>...
        summarize=summarize,
        ^^^^^^^^^^^^^^^^^^^^
    )
    ^
  File "C:\Users\octave\AppData\Roaming\Python\Python314\site-packages\django\db\models\sql\query.py", line 1494, in build_filter
    condition = self.build_lookup(lookups, col, value)
  File "C:\Users\octave\AppData\Roaming\Python\Python314\site-packages\django\db\models\sql\query.py", line 1321, in build_lookup
    lookup = lookup_class(lhs, rhs)
  File "C:\Users\octave\AppData\Roaming\Python\Python314\site-packages\django\db\models\lookups.py", line 27, in __init__
    self.rhs = self.get_prep_lookup()
               ~~~~~~~~~~~~~~~~~~~~^^
  File "C:\Users\octave\AppData\Roaming\Python\Python314\site-packages\django\db\models\fields\related_lookups.py", line 166, in get_prep_lookup
    self.rhs = target_field.get_prep_value(self.rhs)
               ~~~~~~~~~~~~~~~~~~~~~~~~~~~^^^^^^^^^^
  File "C:\Users\octave\AppData\Roaming\Python\Python314\site-packages\django\db\models\fields\__init__.py", line 2055, in get_prep_value
    raise e.__class__(
        "Field '%s' expected a number but got %r." % (self.name, value),
    ) from e
TypeError: Field 'id' expected a number but got <django.contrib.auth.models.AnonymousUser object at 0x00000254A81F7150>.
Internal Server Error: /admin/auth/user/
Traceback (most recent call last):
  File "C:\Users\octave\AppData\Roaming\Python\Python314\site-packages\django\core\handlers\exception.py", line 55, in inner
    response = get_response(request)
  File "C:\Users\octave\AppData\Roaming\Python\Python314\site-packages\django\core\handlers\base.py", line 220, in _get_response
    response = response.render()
  File "C:\Users\octave\AppData\Roaming\Python\Python314\site-packages\django\template\response.py", line 114, in render
    self.content = self.rendered_content
                   ^^^^^^^^^^^^^^^^^^^^^
  File "C:\Users\octave\AppData\Roaming\Python\Python314\site-packages\django\template\response.py", line 92, in rendered_content
    return template.render(context, self._request)
           ~~~~~~~~~~~~~~~^^^^^^^^^^^^^^^^^^^^^^^^
  File "C:\Users\octave\AppData\Roaming\Python\Python314\site-packages\django\template\backends\django.py", line 61, in render
    return self.template.render(context)
           ~~~~~~~~~~~~~~~~~~~~^^^^^^^^^
  File "C:\Users\octave\AppData\Roaming\Python\Python314\site-packages\django\template\base.py", line 175, in render
    return self._render(context)
           ~~~~~~~~~~~~^^^^^^^^^
  File "C:\Users\octave\AppData\Roaming\Python\Python314\site-packages\django\template\base.py", line 167, in _render
    return self.nodelist.render(context)
           ~~~~~~~~~~~~~~~~~~~~^^^^^^^^^
  File "C:\Users\octave\AppData\Roaming\Python\Python314\site-packages\django\template\base.py", line 1005, in render
    return SafeString("".join([node.render_annotated(context) for node in self]))
                               ~~~~~~~~~~~~~~~~~~~~~^^^^^^^^^
  File "C:\Users\octave\AppData\Roaming\Python\Python314\site-packages\django\template\base.py", line 966, in render_annotated
    return self.render(context)
           ~~~~~~~~~~~^^^^^^^^^
  File "C:\Users\octave\AppData\Roaming\Python\Python314\site-packages\django\template\loader_tags.py", line 157, in render
    return compiled_parent._render(context)
           ~~~~~~~~~~~~~~~~~~~~~~~^^^^^^^^^
  File "C:\Users\octave\AppData\Roaming\Python\Python314\site-packages\django\template\base.py", line 167, in _render
    return self.nodelist.render(context)
           ~~~~~~~~~~~~~~~~~~~~^^^^^^^^^
  File "C:\Users\octave\AppData\Roaming\Python\Python314\site-packages\django\template\base.py", line 1005, in render
    return SafeString("".join([node.render_annotated(context) for node in self]))
                               ~~~~~~~~~~~~~~~~~~~~~^^^^^^^^^
  File "C:\Users\octave\AppData\Roaming\Python\Python314\site-packages\django\template\base.py", line 966, in render_annotated
    return self.render(context)
           ~~~~~~~~~~~^^^^^^^^^
  File "C:\Users\octave\AppData\Roaming\Python\Python314\site-packages\django\template\loader_tags.py", line 157, in render
    return compiled_parent._render(context)
           ~~~~~~~~~~~~~~~~~~~~~~~^^^^^^^^^
  File "C:\Users\octave\AppData\Roaming\Python\Python314\site-packages\django\template\base.py", line 167, in _render
    return self.nodelist.render(context)
           ~~~~~~~~~~~~~~~~~~~~^^^^^^^^^
  File "C:\Users\octave\AppData\Roaming\Python\Python314\site-packages\django\template\base.py", line 1005, in render
    return SafeString("".join([node.render_annotated(context) for node in self]))
                               ~~~~~~~~~~~~~~~~~~~~~^^^^^^^^^
  File "C:\Users\octave\AppData\Roaming\Python\Python314\site-packages\django\template\base.py", line 966, in render_annotated
    return self.render(context)
           ~~~~~~~~~~~^^^^^^^^^
  File "C:\Users\octave\AppData\Roaming\Python\Python314\site-packages\django\template\loader_tags.py", line 63, in render
    result = block.nodelist.render(context)
  File "C:\Users\octave\AppData\Roaming\Python\Python314\site-packages\django\template\base.py", line 1005, in render
    return SafeString("".join([node.render_annotated(context) for node in self]))
                               ~~~~~~~~~~~~~~~~~~~~~^^^^^^^^^
  File "C:\Users\octave\AppData\Roaming\Python\Python314\site-packages\django\template\base.py", line 966, in render_annotated
    return self.render(context)
           ~~~~~~~~~~~^^^^^^^^^
  File "C:\Users\octave\AppData\Roaming\Python\Python314\site-packages\django\template\loader_tags.py", line 63, in render
    result = block.nodelist.render(context)
  File "C:\Users\octave\AppData\Roaming\Python\Python314\site-packages\django\template\base.py", line 1005, in render
    return SafeString("".join([node.render_annotated(context) for node in self]))
                               ~~~~~~~~~~~~~~~~~~~~~^^^^^^^^^
  File "C:\Users\octave\AppData\Roaming\Python\Python314\site-packages\django\template\base.py", line 966, in render_annotated
    return self.render(context)
           ~~~~~~~~~~~^^^^^^^^^
  File "C:\Users\octave\AppData\Roaming\Python\Python314\site-packages\django\template\loader_tags.py", line 63, in render
    result = block.nodelist.render(context)
  File "C:\Users\octave\AppData\Roaming\Python\Python314\site-packages\django\template\base.py", line 1005, in render
    return SafeString("".join([node.render_annotated(context) for node in self]))
                               ~~~~~~~~~~~~~~~~~~~~~^^^^^^^^^
  File "C:\Users\octave\AppData\Roaming\Python\Python314\site-packages\django\template\base.py", line 966, in render_annotated
    return self.render(context)
           ~~~~~~~~~~~^^^^^^^^^
  File "C:\Users\octave\AppData\Roaming\Python\Python314\site-packages\django\contrib\admin\templatetags\base.py", line 45, in render
    return super().render(context)
           ~~~~~~~~~~~~~~^^^^^^^^^
  File "C:\Users\octave\AppData\Roaming\Python\Python314\site-packages\django\template\library.py", line 271, in render
    new_context = context.new(_dict)
  File "C:\Users\octave\AppData\Roaming\Python\Python314\site-packages\django\template\context.py", line 265, in new
    new_context = super().new(values)
  File "C:\Users\octave\AppData\Roaming\Python\Python314\site-packages\django\template\context.py", line 110, in new
    new_context = copy(self)
  File "C:\Python314\Lib\copy.py", line 82, in copy
    return copier(x)
  File "C:\Users\octave\AppData\Roaming\Python\Python314\site-packages\django\template\context.py", line 158, in __copy__
    duplicate = super().__copy__()
  File "C:\Users\octave\AppData\Roaming\Python\Python314\site-packages\django\template\context.py", line 39, in __copy__
    duplicate.dicts = self.dicts[:]
    ^^^^^^^^^^^^^^^
AttributeError: 'super' object has no attribute 'dicts' and no __dict__ for setting new attributes
Internal Server Error: /admin/stroke_api/notification/
Traceback (most recent call last):
  File "C:\Users\octave\AppData\Roaming\Python\Python314\site-packages\django\core\handlers\exception.py", line 55, in inner
    response = get_response(request)
  File "C:\Users\octave\AppData\Roaming\Python\Python314\site-packages\django\core\handlers\base.py", line 220, in _get_response
    response = response.render()
  File "C:\Users\octave\AppData\Roaming\Python\Python314\site-packages\django\template\response.py", line 114, in render
    self.content = self.rendered_content
                   ^^^^^^^^^^^^^^^^^^^^^
  File "C:\Users\octave\AppData\Roaming\Python\Python314\site-packages\django\template\response.py", line 92, in rendered_content
    return template.render(context, self._request)
           ~~~~~~~~~~~~~~~^^^^^^^^^^^^^^^^^^^^^^^^
  File "C:\Users\octave\AppData\Roaming\Python\Python314\site-packages\django\template\backends\django.py", line 61, in render
    return self.template.render(context)
           ~~~~~~~~~~~~~~~~~~~~^^^^^^^^^
  File "C:\Users\octave\AppData\Roaming\Python\Python314\site-packages\django\template\base.py", line 175, in render
    return self._render(context)
           ~~~~~~~~~~~~^^^^^^^^^
  File "C:\Users\octave\AppData\Roaming\Python\Python314\site-packages\django\template\base.py", line 167, in _render
    return self.nodelist.render(context)
           ~~~~~~~~~~~~~~~~~~~~^^^^^^^^^
  File "C:\Users\octave\AppData\Roaming\Python\Python314\site-packages\django\template\base.py", line 1005, in render
    return SafeString("".join([node.render_annotated(context) for node in self]))
                               ~~~~~~~~~~~~~~~~~~~~~^^^^^^^^^
  File "C:\Users\octave\AppData\Roaming\Python\Python314\site-packages\django\template\base.py", line 966, in render_annotated
    return self.render(context)
           ~~~~~~~~~~~^^^^^^^^^
  File "C:\Users\octave\AppData\Roaming\Python\Python314\site-packages\django\template\loader_tags.py", line 157, in render
    return compiled_parent._render(context)
           ~~~~~~~~~~~~~~~~~~~~~~~^^^^^^^^^
  File "C:\Users\octave\AppData\Roaming\Python\Python314\site-packages\django\template\base.py", line 167, in _render
    return self.nodelist.render(context)
           ~~~~~~~~~~~~~~~~~~~~^^^^^^^^^
  File "C:\Users\octave\AppData\Roaming\Python\Python314\site-packages\django\template\base.py", line 1005, in render
    return SafeString("".join([node.render_annotated(context) for node in self]))
                               ~~~~~~~~~~~~~~~~~~~~~^^^^^^^^^
  File "C:\Users\octave\AppData\Roaming\Python\Python314\site-packages\django\template\base.py", line 966, in render_annotated
    return self.render(context)
           ~~~~~~~~~~~^^^^^^^^^
  File "C:\Users\octave\AppData\Roaming\Python\Python314\site-packages\django\template\loader_tags.py", line 157, in render
    return compiled_parent._render(context)
           ~~~~~~~~~~~~~~~~~~~~~~~^^^^^^^^^
  File "C:\Users\octave\AppData\Roaming\Python\Python314\site-packages\django\template\base.py", line 167, in _render
    return self.nodelist.render(context)
           ~~~~~~~~~~~~~~~~~~~~^^^^^^^^^
  File "C:\Users\octave\AppData\Roaming\Python\Python314\site-packages\django\template\base.py", line 1005, in render
    return SafeString("".join([node.render_annotated(context) for node in self]))
                               ~~~~~~~~~~~~~~~~~~~~~^^^^^^^^^
  File "C:\Users\octave\AppData\Roaming\Python\Python314\site-packages\django\template\base.py", line 966, in render_annotated
    return self.render(context)
           ~~~~~~~~~~~^^^^^^^^^
  File "C:\Users\octave\AppData\Roaming\Python\Python314\site-packages\django\template\loader_tags.py", line 63, in render
    result = block.nodelist.render(context)
  File "C:\Users\octave\AppData\Roaming\Python\Python314\site-packages\django\template\base.py", line 1005, in render
    return SafeString("".join([node.render_annotated(context) for node in self]))
                               ~~~~~~~~~~~~~~~~~~~~~^^^^^^^^^
  File "C:\Users\octave\AppData\Roaming\Python\Python314\site-packages\django\template\base.py", line 966, in render_annotated
    return self.render(context)
           ~~~~~~~~~~~^^^^^^^^^
  File "C:\Users\octave\AppData\Roaming\Python\Python314\site-packages\django\template\loader_tags.py", line 63, in render
    result = block.nodelist.render(context)
  File "C:\Users\octave\AppData\Roaming\Python\Python314\site-packages\django\template\base.py", line 1005, in render
    return SafeString("".join([node.render_annotated(context) for node in self]))
                               ~~~~~~~~~~~~~~~~~~~~~^^^^^^^^^
  File "C:\Users\octave\AppData\Roaming\Python\Python314\site-packages\django\template\base.py", line 966, in render_annotated
    return self.render(context)
           ~~~~~~~~~~~^^^^^^^^^
  File "C:\Users\octave\AppData\Roaming\Python\Python314\site-packages\django\template\loader_tags.py", line 63, in render
    result = block.nodelist.render(context)
  File "C:\Users\octave\AppData\Roaming\Python\Python314\site-packages\django\template\base.py", line 1005, in render
    return SafeString("".join([node.render_annotated(context) for node in self]))
                               ~~~~~~~~~~~~~~~~~~~~~^^^^^^^^^
  File "C:\Users\octave\AppData\Roaming\Python\Python314\site-packages\django\template\base.py", line 966, in render_annotated
    return self.render(context)
           ~~~~~~~~~~~^^^^^^^^^
  File "C:\Users\octave\AppData\Roaming\Python\Python314\site-packages\django\contrib\admin\templatetags\base.py", line 45, in render
    return super().render(context)
           ~~~~~~~~~~~~~~^^^^^^^^^
  File "C:\Users\octave\AppData\Roaming\Python\Python314\site-packages\django\template\library.py", line 271, in render
    new_context = context.new(_dict)
  File "C:\Users\octave\AppData\Roaming\Python\Python314\site-packages\django\template\context.py", line 265, in new
    new_context = super().new(values)
  File "C:\Users\octave\AppData\Roaming\Python\Python314\site-packages\django\template\context.py", line 110, in new
    new_context = copy(self)
  File "C:\Python314\Lib\copy.py", line 82, in copy
    return copier(x)
  File "C:\Users\octave\AppData\Roaming\Python\Python314\site-packages\django\template\context.py", line 158, in __copy__
    duplicate = super().__copy__()
  File "C:\Users\octave\AppData\Roaming\Python\Python314\site-packages\django\template\context.py", line 39, in __copy__
    duplicate.dicts = self.dicts[:]
    ^^^^^^^^^^^^^^^
AttributeError: 'super' object has no attribute 'dicts' and no __dict__ for setting new attributes
Internal Server Error: /api/notifications/
Traceback (most recent call last):
  File "C:\Users\octave\AppData\Roaming\Python\Python314\site-packages\django\db\models\fields\__init__.py", line 2053, in get_prep_value
    return int(value)
  File "C:\Users\octave\AppData\Roaming\Python\Python314\site-packages\django\contrib\auth\models.py", line 437, in __int__
    raise TypeError(
    ...<2 lines>...
    )
TypeError: Cannot cast AnonymousUser to int. Are you trying to use it in place of User?

The above exception was the direct cause of the following exception:

Traceback (most recent call last):
  File "C:\Users\octave\AppData\Roaming\Python\Python314\site-packages\django\core\handlers\exception.py", line 55, in inner
    response = get_response(request)
  File "C:\Users\octave\AppData\Roaming\Python\Python314\site-packages\django\core\handlers\base.py", line 197, in _get_response
    response = wrapped_callback(request, *callback_args, **callback_kwargs)
  File "C:\Users\octave\AppData\Roaming\Python\Python314\site-packages\django\views\decorators\csrf.py", line 56, in wrapper_view
    return view_func(*args, **kwargs)
  File "C:\Users\octave\AppData\Roaming\Python\Python314\site-packages\django\views\generic\base.py", line 105, in view
    return self.dispatch(request, *args, **kwargs)
           ~~~~~~~~~~~~~^^^^^^^^^^^^^^^^^^^^^^^^^^
  File "C:\Users\octave\AppData\Roaming\Python\Python314\site-packages\rest_framework\views.py", line 515, in dispatch
    response = self.handle_exception(exc)
  File "C:\Users\octave\AppData\Roaming\Python\Python314\site-packages\rest_framework\views.py", line 475, in handle_exception
    self.raise_uncaught_exception(exc)
    ~~~~~~~~~~~~~~~~~~~~~~~~~~~~~^^^^^
  File "C:\Users\octave\AppData\Roaming\Python\Python314\site-packages\rest_framework\views.py", line 486, in raise_uncaught_exception
    raise exc
  File "C:\Users\octave\AppData\Roaming\Python\Python314\site-packages\rest_framework\views.py", line 512, in dispatch
    response = handler(request, *args, **kwargs)
  File "C:\Users\octave\AppData\Roaming\Python\Python314\site-packages\rest_framework\decorators.py", line 50, in handler
    return func(*args, **kwargs)
  File "C:\Users\octave\Desktop\STROKE-PATIENT-READMISSION-SYSTEM-\stroke_api\views.py", line 232, in get_notifications
    notifications = Notification.objects.filter(doctor=request.user, is_read=False).order_by('-created_at')
                    ~~~~~~~~~~~~~~~~~~~~~~~~~~~^^^^^^^^^^^^^^^^^^^^^^^^^^^^^^^^^^^^
  File "C:\Users\octave\AppData\Roaming\Python\Python314\site-packages\django\db\models\manager.py", line 87, in manager_method
    return getattr(self.get_queryset(), name)(*args, **kwargs)
           ~~~~~~~~~~~~~~~~~~~~~~~~~~~~~~~~~~^^^^^^^^^^^^^^^^^
  File "C:\Users\octave\AppData\Roaming\Python\Python314\site-packages\django\db\models\query.py", line 1438, in filter
    return self._filter_or_exclude(False, args, kwargs)
           ~~~~~~~~~~~~~~~~~~~~~~~^^^^^^^^^^^^^^^^^^^^^
  File "C:\Users\octave\AppData\Roaming\Python\Python314\site-packages\django\db\models\query.py", line 1456, in _filter_or_exclude
    clone._filter_or_exclude_inplace(negate, args, kwargs)
    ~~~~~~~~~~~~~~~~~~~~~~~~~~~~~~~~^^^^^^^^^^^^^^^^^^^^^^
  File "C:\Users\octave\AppData\Roaming\Python\Python314\site-packages\django\db\models\query.py", line 1466, in _filter_or_exclude_inplace
    self._query.add_q(Q(*args, **kwargs))
    ~~~~~~~~~~~~~~~~~^^^^^^^^^^^^^^^^^^^^
  File "C:\Users\octave\AppData\Roaming\Python\Python314\site-packages\django\db\models\sql\query.py", line 1548, in add_q
    clause, _ = self._add_q(q_object, self.used_aliases)
                ~~~~~~~~~~~^^^^^^^^^^^^^^^^^^^^^^^^^^^^^
  File "C:\Users\octave\AppData\Roaming\Python\Python314\site-packages\django\db\models\sql\query.py", line 1579, in _add_q
    child_clause, needed_inner = self.build_filter(
                                 ~~~~~~~~~~~~~~~~~^
        child,
        ^^^^^^
    ...<6 lines>...
        summarize=summarize,
        ^^^^^^^^^^^^^^^^^^^^
    )
    ^
  File "C:\Users\octave\AppData\Roaming\Python\Python314\site-packages\django\db\models\sql\query.py", line 1494, in build_filter
    condition = self.build_lookup(lookups, col, value)
  File "C:\Users\octave\AppData\Roaming\Python\Python314\site-packages\django\db\models\sql\query.py", line 1321, in build_lookup
    lookup = lookup_class(lhs, rhs)
  File "C:\Users\octave\AppData\Roaming\Python\Python314\site-packages\django\db\models\lookups.py", line 27, in __init__
    self.rhs = self.get_prep_lookup()
               ~~~~~~~~~~~~~~~~~~~~^^
  File "C:\Users\octave\AppData\Roaming\Python\Python314\site-packages\django\db\models\fields\related_lookups.py", line 166, in get_prep_lookup
    self.rhs = target_field.get_prep_value(self.rhs)
               ~~~~~~~~~~~~~~~~~~~~~~~~~~~^^^^^^^^^^
  File "C:\Users\octave\AppData\Roaming\Python\Python314\site-packages\django\db\models\fields\__init__.py", line 2055, in get_prep_value
    raise e.__class__(
        "Field '%s' expected a number but got %r." % (self.name, value),
    ) from e
TypeError: Field 'id' expected a number but got <django.contrib.auth.models.AnonymousUser object at 0x00000254A7D36890>.
Internal Server Error: /api/notifications/
Traceback (most recent call last):
  File "C:\Users\octave\AppData\Roaming\Python\Python314\site-packages\django\db\models\fields\__init__.py", line 2053, in get_prep_value
    return int(value)
  File "C:\Users\octave\AppData\Roaming\Python\Python314\site-packages\django\contrib\auth\models.py", line 437, in __int__
    raise TypeError(
    ...<2 lines>...
    )
TypeError: Cannot cast AnonymousUser to int. Are you trying to use it in place of User?

The above exception was the direct cause of the following exception:

Traceback (most recent call last):
  File "C:\Users\octave\AppData\Roaming\Python\Python314\site-packages\django\core\handlers\exception.py", line 55, in inner
    response = get_response(request)
  File "C:\Users\octave\AppData\Roaming\Python\Python314\site-packages\django\core\handlers\base.py", line 197, in _get_response
    response = wrapped_callback(request, *callback_args, **callback_kwargs)
  File "C:\Users\octave\AppData\Roaming\Python\Python314\site-packages\django\views\decorators\csrf.py", line 56, in wrapper_view
    return view_func(*args, **kwargs)
  File "C:\Users\octave\AppData\Roaming\Python\Python314\site-packages\django\views\generic\base.py", line 105, in view
    return self.dispatch(request, *args, **kwargs)
           ~~~~~~~~~~~~~^^^^^^^^^^^^^^^^^^^^^^^^^^
  File "C:\Users\octave\AppData\Roaming\Python\Python314\site-packages\rest_framework\views.py", line 515, in dispatch
    response = self.handle_exception(exc)
  File "C:\Users\octave\AppData\Roaming\Python\Python314\site-packages\rest_framework\views.py", line 475, in handle_exception
    self.raise_uncaught_exception(exc)
    ~~~~~~~~~~~~~~~~~~~~~~~~~~~~~^^^^^
  File "C:\Users\octave\AppData\Roaming\Python\Python314\site-packages\rest_framework\views.py", line 486, in raise_uncaught_exception
    raise exc
  File "C:\Users\octave\AppData\Roaming\Python\Python314\site-packages\rest_framework\views.py", line 512, in dispatch
    response = handler(request, *args, **kwargs)
  File "C:\Users\octave\AppData\Roaming\Python\Python314\site-packages\rest_framework\decorators.py", line 50, in handler
    return func(*args, **kwargs)
  File "C:\Users\octave\Desktop\STROKE-PATIENT-READMISSION-SYSTEM-\stroke_api\views.py", line 232, in get_notifications
    notifications = Notification.objects.filter(doctor=request.user, is_read=False).order_by('-created_at')
                    ~~~~~~~~~~~~~~~~~~~~~~~~~~~^^^^^^^^^^^^^^^^^^^^^^^^^^^^^^^^^^^^
  File "C:\Users\octave\AppData\Roaming\Python\Python314\site-packages\django\db\models\manager.py", line 87, in manager_method
    return getattr(self.get_queryset(), name)(*args, **kwargs)
           ~~~~~~~~~~~~~~~~~~~~~~~~~~~~~~~~~~^^^^^^^^^^^^^^^^^
  File "C:\Users\octave\AppData\Roaming\Python\Python314\site-packages\django\db\models\query.py", line 1438, in filter
    return self._filter_or_exclude(False, args, kwargs)
           ~~~~~~~~~~~~~~~~~~~~~~~^^^^^^^^^^^^^^^^^^^^^
  File "C:\Users\octave\AppData\Roaming\Python\Python314\site-packages\django\db\models\query.py", line 1456, in _filter_or_exclude
    clone._filter_or_exclude_inplace(negate, args, kwargs)
    ~~~~~~~~~~~~~~~~~~~~~~~~~~~~~~~~^^^^^^^^^^^^^^^^^^^^^^
  File "C:\Users\octave\AppData\Roaming\Python\Python314\site-packages\django\db\models\query.py", line 1466, in _filter_or_exclude_inplace
    self._query.add_q(Q(*args, **kwargs))
    ~~~~~~~~~~~~~~~~~^^^^^^^^^^^^^^^^^^^^
  File "C:\Users\octave\AppData\Roaming\Python\Python314\site-packages\django\db\models\sql\query.py", line 1548, in add_q
    clause, _ = self._add_q(q_object, self.used_aliases)
                ~~~~~~~~~~~^^^^^^^^^^^^^^^^^^^^^^^^^^^^^
  File "C:\Users\octave\AppData\Roaming\Python\Python314\site-packages\django\db\models\sql\query.py", line 1579, in _add_q
    child_clause, needed_inner = self.build_filter(
                                 ~~~~~~~~~~~~~~~~~^
        child,
        ^^^^^^
    ...<6 lines>...
        summarize=summarize,
        ^^^^^^^^^^^^^^^^^^^^
    )
    ^
  File "C:\Users\octave\AppData\Roaming\Python\Python314\site-packages\django\db\models\sql\query.py", line 1494, in build_filter
    condition = self.build_lookup(lookups, col, value)
  File "C:\Users\octave\AppData\Roaming\Python\Python314\site-packages\django\db\models\sql\query.py", line 1321, in build_lookup
    lookup = lookup_class(lhs, rhs)
  File "C:\Users\octave\AppData\Roaming\Python\Python314\site-packages\django\db\models\lookups.py", line 27, in __init__
    self.rhs = self.get_prep_lookup()
               ~~~~~~~~~~~~~~~~~~~~^^
  File "C:\Users\octave\AppData\Roaming\Python\Python314\site-packages\django\db\models\fields\related_lookups.py", line 166, in get_prep_lookup
    self.rhs = target_field.get_prep_value(self.rhs)
               ~~~~~~~~~~~~~~~~~~~~~~~~~~~^^^^^^^^^^
  File "C:\Users\octave\AppData\Roaming\Python\Python314\site-packages\django\db\models\fields\__init__.py", line 2055, in get_prep_value
    raise e.__class__(
        "Field '%s' expected a number but got %r." % (self.name, value),
    ) from e
TypeError: Field 'id' expected a number but got <django.contrib.auth.models.AnonymousUser object at 0x00000254A8059090>.
Internal Server Error: /api/notifications/
Traceback (most recent call last):
  File "C:\Users\octave\AppData\Roaming\Python\Python314\site-packages\django\db\models\fields\__init__.py", line 2053, in get_prep_value
    return int(value)
  File "C:\Users\octave\AppData\Roaming\Python\Python314\site-packages\django\contrib\auth\models.py", line 437, in __int__
    raise TypeError(
    ...<2 lines>...
    )
TypeError: Cannot cast AnonymousUser to int. Are you trying to use it in place of User?

The above exception was the direct cause of the following exception:

Traceback (most recent call last):
  File "C:\Users\octave\AppData\Roaming\Python\Python314\site-packages\django\core\handlers\exception.py", line 55, in inner
    response = get_response(request)
  File "C:\Users\octave\AppData\Roaming\Python\Python314\site-packages\django\core\handlers\base.py", line 197, in _get_response
    response = wrapped_callback(request, *callback_args, **callback_kwargs)
  File "C:\Users\octave\AppData\Roaming\Python\Python314\site-packages\django\views\decorators\csrf.py", line 56, in wrapper_view
    return view_func(*args, **kwargs)
  File "C:\Users\octave\AppData\Roaming\Python\Python314\site-packages\django\views\generic\base.py", line 105, in view
    return self.dispatch(request, *args, **kwargs)
           ~~~~~~~~~~~~~^^^^^^^^^^^^^^^^^^^^^^^^^^
  File "C:\Users\octave\AppData\Roaming\Python\Python314\site-packages\rest_framework\views.py", line 515, in dispatch
    response = self.handle_exception(exc)
  File "C:\Users\octave\AppData\Roaming\Python\Python314\site-packages\rest_framework\views.py", line 475, in handle_exception
    self.raise_uncaught_exception(exc)
    ~~~~~~~~~~~~~~~~~~~~~~~~~~~~~^^^^^
  File "C:\Users\octave\AppData\Roaming\Python\Python314\site-packages\rest_framework\views.py", line 486, in raise_uncaught_exception
    raise exc
  File "C:\Users\octave\AppData\Roaming\Python\Python314\site-packages\rest_framework\views.py", line 512, in dispatch
    response = handler(request, *args, **kwargs)
  File "C:\Users\octave\AppData\Roaming\Python\Python314\site-packages\rest_framework\decorators.py", line 50, in handler
    return func(*args, **kwargs)
  File "C:\Users\octave\Desktop\STROKE-PATIENT-READMISSION-SYSTEM-\stroke_api\views.py", line 232, in get_notifications
    notifications = Notification.objects.filter(doctor=request.user, is_read=False).order_by('-created_at')
                    ~~~~~~~~~~~~~~~~~~~~~~~~~~~^^^^^^^^^^^^^^^^^^^^^^^^^^^^^^^^^^^^
  File "C:\Users\octave\AppData\Roaming\Python\Python314\site-packages\django\db\models\manager.py", line 87, in manager_method
    return getattr(self.get_queryset(), name)(*args, **kwargs)
           ~~~~~~~~~~~~~~~~~~~~~~~~~~~~~~~~~~^^^^^^^^^^^^^^^^^
  File "C:\Users\octave\AppData\Roaming\Python\Python314\site-packages\django\db\models\query.py", line 1438, in filter
    return self._filter_or_exclude(False, args, kwargs)
           ~~~~~~~~~~~~~~~~~~~~~~~^^^^^^^^^^^^^^^^^^^^^
  File "C:\Users\octave\AppData\Roaming\Python\Python314\site-packages\django\db\models\query.py", line 1456, in _filter_or_exclude
    clone._filter_or_exclude_inplace(negate, args, kwargs)
    ~~~~~~~~~~~~~~~~~~~~~~~~~~~~~~~~^^^^^^^^^^^^^^^^^^^^^^
  File "C:\Users\octave\AppData\Roaming\Python\Python314\site-packages\django\db\models\query.py", line 1466, in _filter_or_exclude_inplace
    self._query.add_q(Q(*args, **kwargs))
    ~~~~~~~~~~~~~~~~~^^^^^^^^^^^^^^^^^^^^
  File "C:\Users\octave\AppData\Roaming\Python\Python314\site-packages\django\db\models\sql\query.py", line 1548, in add_q
    clause, _ = self._add_q(q_object, self.used_aliases)
                ~~~~~~~~~~~^^^^^^^^^^^^^^^^^^^^^^^^^^^^^
  File "C:\Users\octave\AppData\Roaming\Python\Python314\site-packages\django\db\models\sql\query.py", line 1579, in _add_q
    child_clause, needed_inner = self.build_filter(
                                 ~~~~~~~~~~~~~~~~~^
        child,
        ^^^^^^
    ...<6 lines>...
        summarize=summarize,
        ^^^^^^^^^^^^^^^^^^^^
    )
    ^
  File "C:\Users\octave\AppData\Roaming\Python\Python314\site-packages\django\db\models\sql\query.py", line 1494, in build_filter
    condition = self.build_lookup(lookups, col, value)
  File "C:\Users\octave\AppData\Roaming\Python\Python314\site-packages\django\db\models\sql\query.py", line 1321, in build_lookup
    lookup = lookup_class(lhs, rhs)
  File "C:\Users\octave\AppData\Roaming\Python\Python314\site-packages\django\db\models\lookups.py", line 27, in __init__
    self.rhs = self.get_prep_lookup()
               ~~~~~~~~~~~~~~~~~~~~^^
  File "C:\Users\octave\AppData\Roaming\Python\Python314\site-packages\django\db\models\fields\related_lookups.py", line 166, in get_prep_lookup
    self.rhs = target_field.get_prep_value(self.rhs)
               ~~~~~~~~~~~~~~~~~~~~~~~~~~~^^^^^^^^^^
  File "C:\Users\octave\AppData\Roaming\Python\Python314\site-packages\django\db\models\fields\__init__.py", line 2055, in get_prep_value
    raise e.__class__(
        "Field '%s' expected a number but got %r." % (self.name, value),
    ) from e
TypeError: Field 'id' expected a number but got <django.contrib.auth.models.AnonymousUser object at 0x00000254A9A299D0>.
Internal Server Error: /api/notifications/
Traceback (most recent call last):
  File "C:\Users\octave\AppData\Roaming\Python\Python314\site-packages\django\db\models\fields\__init__.py", line 2053, in get_prep_value
    return int(value)
  File "C:\Users\octave\AppData\Roaming\Python\Python314\site-packages\django\contrib\auth\models.py", line 437, in __int__
    raise TypeError(
    ...<2 lines>...
    )
TypeError: Cannot cast AnonymousUser to int. Are you trying to use it in place of User?

The above exception was the direct cause of the following exception:

Traceback (most recent call last):
  File "C:\Users\octave\AppData\Roaming\Python\Python314\site-packages\django\core\handlers\exception.py", line 55, in inner
    response = get_response(request)
  File "C:\Users\octave\AppData\Roaming\Python\Python314\site-packages\django\core\handlers\base.py", line 197, in _get_response
    response = wrapped_callback(request, *callback_args, **callback_kwargs)
  File "C:\Users\octave\AppData\Roaming\Python\Python314\site-packages\django\views\decorators\csrf.py", line 56, in wrapper_view
    return view_func(*args, **kwargs)
  File "C:\Users\octave\AppData\Roaming\Python\Python314\site-packages\django\views\generic\base.py", line 105, in view
    return self.dispatch(request, *args, **kwargs)
           ~~~~~~~~~~~~~^^^^^^^^^^^^^^^^^^^^^^^^^^
  File "C:\Users\octave\AppData\Roaming\Python\Python314\site-packages\rest_framework\views.py", line 515, in dispatch
    response = self.handle_exception(exc)
  File "C:\Users\octave\AppData\Roaming\Python\Python314\site-packages\rest_framework\views.py", line 475, in handle_exception
    self.raise_uncaught_exception(exc)
    ~~~~~~~~~~~~~~~~~~~~~~~~~~~~~^^^^^
  File "C:\Users\octave\AppData\Roaming\Python\Python314\site-packages\rest_framework\views.py", line 486, in raise_uncaught_exception
    raise exc
  File "C:\Users\octave\AppData\Roaming\Python\Python314\site-packages\rest_framework\views.py", line 512, in dispatch
    response = handler(request, *args, **kwargs)
  File "C:\Users\octave\AppData\Roaming\Python\Python314\site-packages\rest_framework\decorators.py", line 50, in handler
    return func(*args, **kwargs)
  File "C:\Users\octave\Desktop\STROKE-PATIENT-READMISSION-SYSTEM-\stroke_api\views.py", line 232, in get_notifications
    notifications = Notification.objects.filter(doctor=request.user, is_read=False).order_by('-created_at')
                    ~~~~~~~~~~~~~~~~~~~~~~~~~~~^^^^^^^^^^^^^^^^^^^^^^^^^^^^^^^^^^^^
  File "C:\Users\octave\AppData\Roaming\Python\Python314\site-packages\django\db\models\manager.py", line 87, in manager_method
    return getattr(self.get_queryset(), name)(*args, **kwargs)
           ~~~~~~~~~~~~~~~~~~~~~~~~~~~~~~~~~~^^^^^^^^^^^^^^^^^
  File "C:\Users\octave\AppData\Roaming\Python\Python314\site-packages\django\db\models\query.py", line 1438, in filter
    return self._filter_or_exclude(False, args, kwargs)
           ~~~~~~~~~~~~~~~~~~~~~~~^^^^^^^^^^^^^^^^^^^^^
  File "C:\Users\octave\AppData\Roaming\Python\Python314\site-packages\django\db\models\query.py", line 1456, in _filter_or_exclude
    clone._filter_or_exclude_inplace(negate, args, kwargs)
    ~~~~~~~~~~~~~~~~~~~~~~~~~~~~~~~~^^^^^^^^^^^^^^^^^^^^^^
  File "C:\Users\octave\AppData\Roaming\Python\Python314\site-packages\django\db\models\query.py", line 1466, in _filter_or_exclude_inplace
    self._query.add_q(Q(*args, **kwargs))
    ~~~~~~~~~~~~~~~~~^^^^^^^^^^^^^^^^^^^^
  File "C:\Users\octave\AppData\Roaming\Python\Python314\site-packages\django\db\models\sql\query.py", line 1548, in add_q
    clause, _ = self._add_q(q_object, self.used_aliases)
                ~~~~~~~~~~~^^^^^^^^^^^^^^^^^^^^^^^^^^^^^
  File "C:\Users\octave\AppData\Roaming\Python\Python314\site-packages\django\db\models\sql\query.py", line 1579, in _add_q
    child_clause, needed_inner = self.build_filter(
                                 ~~~~~~~~~~~~~~~~~^
        child,
        ^^^^^^
    ...<6 lines>...
        summarize=summarize,
        ^^^^^^^^^^^^^^^^^^^^
    )
    ^
  File "C:\Users\octave\AppData\Roaming\Python\Python314\site-packages\django\db\models\sql\query.py", line 1494, in build_filter
    condition = self.build_lookup(lookups, col, value)
  File "C:\Users\octave\AppData\Roaming\Python\Python314\site-packages\django\db\models\sql\query.py", line 1321, in build_lookup
    lookup = lookup_class(lhs, rhs)
  File "C:\Users\octave\AppData\Roaming\Python\Python314\site-packages\django\db\models\lookups.py", line 27, in __init__
    self.rhs = self.get_prep_lookup()
               ~~~~~~~~~~~~~~~~~~~~^^
  File "C:\Users\octave\AppData\Roaming\Python\Python314\site-packages\django\db\models\fields\related_lookups.py", line 166, in get_prep_lookup
    self.rhs = target_field.get_prep_value(self.rhs)
               ~~~~~~~~~~~~~~~~~~~~~~~~~~~^^^^^^^^^^
  File "C:\Users\octave\AppData\Roaming\Python\Python314\site-packages\django\db\models\fields\__init__.py", line 2055, in get_prep_value
    raise e.__class__(
        "Field '%s' expected a number but got %r." % (self.name, value),
    ) from e
TypeError: Field 'id' expected a number but got <django.contrib.auth.models.AnonymousUser object at 0x00000254A9A29A90>.
Internal Server Error: /api/notifications/
Traceback (most recent call last):
  File "C:\Users\octave\AppData\Roaming\Python\Python314\site-packages\django\db\models\fields\__init__.py", line 2053, in get_prep_value
    return int(value)
  File "C:\Users\octave\AppData\Roaming\Python\Python314\site-packages\django\contrib\auth\models.py", line 437, in __int__
    raise TypeError(
    ...<2 lines>...
    )
TypeError: Cannot cast AnonymousUser to int. Are you trying to use it in place of User?

The above exception was the direct cause of the following exception:

Traceback (most recent call last):
  File "C:\Users\octave\AppData\Roaming\Python\Python314\site-packages\django\core\handlers\exception.py", line 55, in inner
    response = get_response(request)
  File "C:\Users\octave\AppData\Roaming\Python\Python314\site-packages\django\core\handlers\base.py", line 197, in _get_response
    response = wrapped_callback(request, *callback_args, **callback_kwargs)
  File "C:\Users\octave\AppData\Roaming\Python\Python314\site-packages\django\views\decorators\csrf.py", line 56, in wrapper_view
    return view_func(*args, **kwargs)
  File "C:\Users\octave\AppData\Roaming\Python\Python314\site-packages\django\views\generic\base.py", line 105, in view
    return self.dispatch(request, *args, **kwargs)
           ~~~~~~~~~~~~~^^^^^^^^^^^^^^^^^^^^^^^^^^
  File "C:\Users\octave\AppData\Roaming\Python\Python314\site-packages\rest_framework\views.py", line 515, in dispatch
    response = self.handle_exception(exc)
  File "C:\Users\octave\AppData\Roaming\Python\Python314\site-packages\rest_framework\views.py", line 475, in handle_exception
    self.raise_uncaught_exception(exc)
    ~~~~~~~~~~~~~~~~~~~~~~~~~~~~~^^^^^
  File "C:\Users\octave\AppData\Roaming\Python\Python314\site-packages\rest_framework\views.py", line 486, in raise_uncaught_exception
    raise exc
  File "C:\Users\octave\AppData\Roaming\Python\Python314\site-packages\rest_framework\views.py", line 512, in dispatch
    response = handler(request, *args, **kwargs)
  File "C:\Users\octave\AppData\Roaming\Python\Python314\site-packages\rest_framework\decorators.py", line 50, in handler
    return func(*args, **kwargs)
  File "C:\Users\octave\Desktop\STROKE-PATIENT-READMISSION-SYSTEM-\stroke_api\views.py", line 232, in get_notifications
    notifications = Notification.objects.filter(doctor=request.user, is_read=False).order_by('-created_at')
                    ~~~~~~~~~~~~~~~~~~~~~~~~~~~^^^^^^^^^^^^^^^^^^^^^^^^^^^^^^^^^^^^
  File "C:\Users\octave\AppData\Roaming\Python\Python314\site-packages\django\db\models\manager.py", line 87, in manager_method
    return getattr(self.get_queryset(), name)(*args, **kwargs)
           ~~~~~~~~~~~~~~~~~~~~~~~~~~~~~~~~~~^^^^^^^^^^^^^^^^^
  File "C:\Users\octave\AppData\Roaming\Python\Python314\site-packages\django\db\models\query.py", line 1438, in filter
    return self._filter_or_exclude(False, args, kwargs)
           ~~~~~~~~~~~~~~~~~~~~~~~^^^^^^^^^^^^^^^^^^^^^
  File "C:\Users\octave\AppData\Roaming\Python\Python314\site-packages\django\db\models\query.py", line 1456, in _filter_or_exclude
    clone._filter_or_exclude_inplace(negate, args, kwargs)
    ~~~~~~~~~~~~~~~~~~~~~~~~~~~~~~~~^^^^^^^^^^^^^^^^^^^^^^
  File "C:\Users\octave\AppData\Roaming\Python\Python314\site-packages\django\db\models\query.py", line 1466, in _filter_or_exclude_inplace
    self._query.add_q(Q(*args, **kwargs))
    ~~~~~~~~~~~~~~~~~^^^^^^^^^^^^^^^^^^^^
  File "C:\Users\octave\AppData\Roaming\Python\Python314\site-packages\django\db\models\sql\query.py", line 1548, in add_q
    clause, _ = self._add_q(q_object, self.used_aliases)
                ~~~~~~~~~~~^^^^^^^^^^^^^^^^^^^^^^^^^^^^^
  File "C:\Users\octave\AppData\Roaming\Python\Python314\site-packages\django\db\models\sql\query.py", line 1579, in _add_q
    child_clause, needed_inner = self.build_filter(
                                 ~~~~~~~~~~~~~~~~~^
        child,
        ^^^^^^
    ...<6 lines>...
        summarize=summarize,
        ^^^^^^^^^^^^^^^^^^^^
    )
    ^
  File "C:\Users\octave\AppData\Roaming\Python\Python314\site-packages\django\db\models\sql\query.py", line 1494, in build_filter
    condition = self.build_lookup(lookups, col, value)
  File "C:\Users\octave\AppData\Roaming\Python\Python314\site-packages\django\db\models\sql\query.py", line 1321, in build_lookup
    lookup = lookup_class(lhs, rhs)
  File "C:\Users\octave\AppData\Roaming\Python\Python314\site-packages\django\db\models\lookups.py", line 27, in __init__
    self.rhs = self.get_prep_lookup()
               ~~~~~~~~~~~~~~~~~~~~^^
  File "C:\Users\octave\AppData\Roaming\Python\Python314\site-packages\django\db\models\fields\related_lookups.py", line 166, in get_prep_lookup
    self.rhs = target_field.get_prep_value(self.rhs)
               ~~~~~~~~~~~~~~~~~~~~~~~~~~~^^^^^^^^^^
  File "C:\Users\octave\AppData\Roaming\Python\Python314\site-packages\django\db\models\fields\__init__.py", line 2055, in get_prep_value
    raise e.__class__(
        "Field '%s' expected a number but got %r." % (self.name, value),
    ) from e
TypeError: Field 'id' expected a number but got <django.contrib.auth.models.AnonymousUser object at 0x00000254A8894F70>.
Internal Server Error: /api/notifications/
Traceback (most recent call last):
  File "C:\Users\octave\AppData\Roaming\Python\Python314\site-packages\django\db\models\fields\__init__.py", line 2053, in get_prep_value
    return int(value)
  File "C:\Users\octave\AppData\Roaming\Python\Python314\site-packages\django\contrib\auth\models.py", line 437, in __int__
    raise TypeError(
    ...<2 lines>...
    )
TypeError: Cannot cast AnonymousUser to int. Are you trying to use it in place of User?

The above exception was the direct cause of the following exception:

Traceback (most recent call last):
  File "C:\Users\octave\AppData\Roaming\Python\Python314\site-packages\django\core\handlers\exception.py", line 55, in inner
    response = get_response(request)
  File "C:\Users\octave\AppData\Roaming\Python\Python314\site-packages\django\core\handlers\base.py", line 197, in _get_response
    response = wrapped_callback(request, *callback_args, **callback_kwargs)
  File "C:\Users\octave\AppData\Roaming\Python\Python314\site-packages\django\views\decorators\csrf.py", line 56, in wrapper_view
    return view_func(*args, **kwargs)
  File "C:\Users\octave\AppData\Roaming\Python\Python314\site-packages\django\views\generic\base.py", line 105, in view
    return self.dispatch(request, *args, **kwargs)
           ~~~~~~~~~~~~~^^^^^^^^^^^^^^^^^^^^^^^^^^
  File "C:\Users\octave\AppData\Roaming\Python\Python314\site-packages\rest_framework\views.py", line 515, in dispatch
    response = self.handle_exception(exc)
  File "C:\Users\octave\AppData\Roaming\Python\Python314\site-packages\rest_framework\views.py", line 475, in handle_exception
    self.raise_uncaught_exception(exc)
    ~~~~~~~~~~~~~~~~~~~~~~~~~~~~~^^^^^
  File "C:\Users\octave\AppData\Roaming\Python\Python314\site-packages\rest_framework\views.py", line 486, in raise_uncaught_exception
    raise exc
  File "C:\Users\octave\AppData\Roaming\Python\Python314\site-packages\rest_framework\views.py", line 512, in dispatch
    response = handler(request, *args, **kwargs)
  File "C:\Users\octave\AppData\Roaming\Python\Python314\site-packages\rest_framework\decorators.py", line 50, in handler
    return func(*args, **kwargs)
  File "C:\Users\octave\Desktop\STROKE-PATIENT-READMISSION-SYSTEM-\stroke_api\views.py", line 232, in get_notifications
    notifications = Notification.objects.filter(doctor=request.user, is_read=False).order_by('-created_at')
                    ~~~~~~~~~~~~~~~~~~~~~~~~~~~^^^^^^^^^^^^^^^^^^^^^^^^^^^^^^^^^^^^
  File "C:\Users\octave\AppData\Roaming\Python\Python314\site-packages\django\db\models\manager.py", line 87, in manager_method
    return getattr(self.get_queryset(), name)(*args, **kwargs)
           ~~~~~~~~~~~~~~~~~~~~~~~~~~~~~~~~~~^^^^^^^^^^^^^^^^^
  File "C:\Users\octave\AppData\Roaming\Python\Python314\site-packages\django\db\models\query.py", line 1438, in filter
    return self._filter_or_exclude(False, args, kwargs)
           ~~~~~~~~~~~~~~~~~~~~~~~^^^^^^^^^^^^^^^^^^^^^
  File "C:\Users\octave\AppData\Roaming\Python\Python314\site-packages\django\db\models\query.py", line 1456, in _filter_or_exclude
    clone._filter_or_exclude_inplace(negate, args, kwargs)
    ~~~~~~~~~~~~~~~~~~~~~~~~~~~~~~~~^^^^^^^^^^^^^^^^^^^^^^
  File "C:\Users\octave\AppData\Roaming\Python\Python314\site-packages\django\db\models\query.py", line 1466, in _filter_or_exclude_inplace
    self._query.add_q(Q(*args, **kwargs))
    ~~~~~~~~~~~~~~~~~^^^^^^^^^^^^^^^^^^^^
  File "C:\Users\octave\AppData\Roaming\Python\Python314\site-packages\django\db\models\sql\query.py", line 1548, in add_q
    clause, _ = self._add_q(q_object, self.used_aliases)
                ~~~~~~~~~~~^^^^^^^^^^^^^^^^^^^^^^^^^^^^^
  File "C:\Users\octave\AppData\Roaming\Python\Python314\site-packages\django\db\models\sql\query.py", line 1579, in _add_q
    child_clause, needed_inner = self.build_filter(
                                 ~~~~~~~~~~~~~~~~~^
        child,
        ^^^^^^
    ...<6 lines>...
        summarize=summarize,
        ^^^^^^^^^^^^^^^^^^^^
    )
    ^
  File "C:\Users\octave\AppData\Roaming\Python\Python314\site-packages\django\db\models\sql\query.py", line 1494, in build_filter
    condition = self.build_lookup(lookups, col, value)
  File "C:\Users\octave\AppData\Roaming\Python\Python314\site-packages\django\db\models\sql\query.py", line 1321, in build_lookup
    lookup = lookup_class(lhs, rhs)
  File "C:\Users\octave\AppData\Roaming\Python\Python314\site-packages\django\db\models\lookups.py", line 27, in __init__
    self.rhs = self.get_prep_lookup()
               ~~~~~~~~~~~~~~~~~~~~^^
  File "C:\Users\octave\AppData\Roaming\Python\Python314\site-packages\django\db\models\fields\related_lookups.py", line 166, in get_prep_lookup
    self.rhs = target_field.get_prep_value(self.rhs)
               ~~~~~~~~~~~~~~~~~~~~~~~~~~~^^^^^^^^^^
  File "C:\Users\octave\AppData\Roaming\Python\Python314\site-packages\django\db\models\fields\__init__.py", line 2055, in get_prep_value
    raise e.__class__(
        "Field '%s' expected a number but got %r." % (self.name, value),
    ) from e
TypeError: Field 'id' expected a number but got <django.contrib.auth.models.AnonymousUser object at 0x00000254A88962B0>.
Internal Server Error: /api/notifications/
Traceback (most recent call last):
  File "C:\Users\octave\AppData\Roaming\Python\Python314\site-packages\django\db\models\fields\__init__.py", line 2053, in get_prep_value
    return int(value)
  File "C:\Users\octave\AppData\Roaming\Python\Python314\site-packages\django\contrib\auth\models.py", line 437, in __int__
    raise TypeError(
    ...<2 lines>...
    )
TypeError: Cannot cast AnonymousUser to int. Are you trying to use it in place of User?

The above exception was the direct cause of the following exception:

Traceback (most recent call last):
  File "C:\Users\octave\AppData\Roaming\Python\Python314\site-packages\django\core\handlers\exception.py", line 55, in inner
    response = get_response(request)
  File "C:\Users\octave\AppData\Roaming\Python\Python314\site-packages\django\core\handlers\base.py", line 197, in _get_response
    response = wrapped_callback(request, *callback_args, **callback_kwargs)
  File "C:\Users\octave\AppData\Roaming\Python\Python314\site-packages\django\views\decorators\csrf.py", line 56, in wrapper_view
    return view_func(*args, **kwargs)
  File "C:\Users\octave\AppData\Roaming\Python\Python314\site-packages\django\views\generic\base.py", line 105, in view
    return self.dispatch(request, *args, **kwargs)
           ~~~~~~~~~~~~~^^^^^^^^^^^^^^^^^^^^^^^^^^
  File "C:\Users\octave\AppData\Roaming\Python\Python314\site-packages\rest_framework\views.py", line 515, in dispatch
    response = self.handle_exception(exc)
  File "C:\Users\octave\AppData\Roaming\Python\Python314\site-packages\rest_framework\views.py", line 475, in handle_exception
    self.raise_uncaught_exception(exc)
    ~~~~~~~~~~~~~~~~~~~~~~~~~~~~~^^^^^
  File "C:\Users\octave\AppData\Roaming\Python\Python314\site-packages\rest_framework\views.py", line 486, in raise_uncaught_exception
    raise exc
  File "C:\Users\octave\AppData\Roaming\Python\Python314\site-packages\rest_framework\views.py", line 512, in dispatch
    response = handler(request, *args, **kwargs)
  File "C:\Users\octave\AppData\Roaming\Python\Python314\site-packages\rest_framework\decorators.py", line 50, in handler
    return func(*args, **kwargs)
  File "C:\Users\octave\Desktop\STROKE-PATIENT-READMISSION-SYSTEM-\stroke_api\views.py", line 232, in get_notifications
    notifications = Notification.objects.filter(doctor=request.user, is_read=False).order_by('-created_at')
                    ~~~~~~~~~~~~~~~~~~~~~~~~~~~^^^^^^^^^^^^^^^^^^^^^^^^^^^^^^^^^^^^
  File "C:\Users\octave\AppData\Roaming\Python\Python314\site-packages\django\db\models\manager.py", line 87, in manager_method
    return getattr(self.get_queryset(), name)(*args, **kwargs)
           ~~~~~~~~~~~~~~~~~~~~~~~~~~~~~~~~~~^^^^^^^^^^^^^^^^^
  File "C:\Users\octave\AppData\Roaming\Python\Python314\site-packages\django\db\models\query.py", line 1438, in filter
    return self._filter_or_exclude(False, args, kwargs)
           ~~~~~~~~~~~~~~~~~~~~~~~^^^^^^^^^^^^^^^^^^^^^
  File "C:\Users\octave\AppData\Roaming\Python\Python314\site-packages\django\db\models\query.py", line 1456, in _filter_or_exclude
    clone._filter_or_exclude_inplace(negate, args, kwargs)
    ~~~~~~~~~~~~~~~~~~~~~~~~~~~~~~~~^^^^^^^^^^^^^^^^^^^^^^
  File "C:\Users\octave\AppData\Roaming\Python\Python314\site-packages\django\db\models\query.py", line 1466, in _filter_or_exclude_inplace
    self._query.add_q(Q(*args, **kwargs))
    ~~~~~~~~~~~~~~~~~^^^^^^^^^^^^^^^^^^^^
  File "C:\Users\octave\AppData\Roaming\Python\Python314\site-packages\django\db\models\sql\query.py", line 1548, in add_q
    clause, _ = self._add_q(q_object, self.used_aliases)
                ~~~~~~~~~~~^^^^^^^^^^^^^^^^^^^^^^^^^^^^^
  File "C:\Users\octave\AppData\Roaming\Python\Python314\site-packages\django\db\models\sql\query.py", line 1579, in _add_q
    child_clause, needed_inner = self.build_filter(
                                 ~~~~~~~~~~~~~~~~~^
        child,
        ^^^^^^
    ...<6 lines>...
        summarize=summarize,
        ^^^^^^^^^^^^^^^^^^^^
    )
    ^
  File "C:\Users\octave\AppData\Roaming\Python\Python314\site-packages\django\db\models\sql\query.py", line 1494, in build_filter
    condition = self.build_lookup(lookups, col, value)
  File "C:\Users\octave\AppData\Roaming\Python\Python314\site-packages\django\db\models\sql\query.py", line 1321, in build_lookup
    lookup = lookup_class(lhs, rhs)
  File "C:\Users\octave\AppData\Roaming\Python\Python314\site-packages\django\db\models\lookups.py", line 27, in __init__
    self.rhs = self.get_prep_lookup()
               ~~~~~~~~~~~~~~~~~~~~^^
  File "C:\Users\octave\AppData\Roaming\Python\Python314\site-packages\django\db\models\fields\related_lookups.py", line 166, in get_prep_lookup
    self.rhs = target_field.get_prep_value(self.rhs)
               ~~~~~~~~~~~~~~~~~~~~~~~~~~~^^^^^^^^^^
  File "C:\Users\octave\AppData\Roaming\Python\Python314\site-packages\django\db\models\fields\__init__.py", line 2055, in get_prep_value
    raise e.__class__(
        "Field '%s' expected a number but got %r." % (self.name, value),
    ) from e
TypeError: Field 'id' expected a number but got <django.contrib.auth.models.AnonymousUser object at 0x00000254A87AB610>.
Internal Server Error: /api/notifications/
Traceback (most recent call last):
  File "C:\Users\octave\AppData\Roaming\Python\Python314\site-packages\django\db\models\fields\__init__.py", line 2053, in get_prep_value
    return int(value)
  File "C:\Users\octave\AppData\Roaming\Python\Python314\site-packages\django\contrib\auth\models.py", line 437, in __int__
    raise TypeError(
    ...<2 lines>...
    )
TypeError: Cannot cast AnonymousUser to int. Are you trying to use it in place of User?

The above exception was the direct cause of the following exception:

Traceback (most recent call last):
  File "C:\Users\octave\AppData\Roaming\Python\Python314\site-packages\django\core\handlers\exception.py", line 55, in inner
    response = get_response(request)
  File "C:\Users\octave\AppData\Roaming\Python\Python314\site-packages\django\core\handlers\base.py", line 197, in _get_response
    response = wrapped_callback(request, *callback_args, **callback_kwargs)
  File "C:\Users\octave\AppData\Roaming\Python\Python314\site-packages\django\views\decorators\csrf.py", line 56, in wrapper_view
    return view_func(*args, **kwargs)
  File "C:\Users\octave\AppData\Roaming\Python\Python314\site-packages\django\views\generic\base.py", line 105, in view
    return self.dispatch(request, *args, **kwargs)
           ~~~~~~~~~~~~~^^^^^^^^^^^^^^^^^^^^^^^^^^
  File "C:\Users\octave\AppData\Roaming\Python\Python314\site-packages\rest_framework\views.py", line 515, in dispatch
    response = self.handle_exception(exc)
  File "C:\Users\octave\AppData\Roaming\Python\Python314\site-packages\rest_framework\views.py", line 475, in handle_exception
    self.raise_uncaught_exception(exc)
    ~~~~~~~~~~~~~~~~~~~~~~~~~~~~~^^^^^
  File "C:\Users\octave\AppData\Roaming\Python\Python314\site-packages\rest_framework\views.py", line 486, in raise_uncaught_exception
    raise exc
  File "C:\Users\octave\AppData\Roaming\Python\Python314\site-packages\rest_framework\views.py", line 512, in dispatch
    response = handler(request, *args, **kwargs)
  File "C:\Users\octave\AppData\Roaming\Python\Python314\site-packages\rest_framework\decorators.py", line 50, in handler
    return func(*args, **kwargs)
  File "C:\Users\octave\Desktop\STROKE-PATIENT-READMISSION-SYSTEM-\stroke_api\views.py", line 232, in get_notifications
    notifications = Notification.objects.filter(doctor=request.user, is_read=False).order_by('-created_at')
                    ~~~~~~~~~~~~~~~~~~~~~~~~~~~^^^^^^^^^^^^^^^^^^^^^^^^^^^^^^^^^^^^
  File "C:\Users\octave\AppData\Roaming\Python\Python314\site-packages\django\db\models\manager.py", line 87, in manager_method
    return getattr(self.get_queryset(), name)(*args, **kwargs)
           ~~~~~~~~~~~~~~~~~~~~~~~~~~~~~~~~~~^^^^^^^^^^^^^^^^^
  File "C:\Users\octave\AppData\Roaming\Python\Python314\site-packages\django\db\models\query.py", line 1438, in filter
    return self._filter_or_exclude(False, args, kwargs)
           ~~~~~~~~~~~~~~~~~~~~~~~^^^^^^^^^^^^^^^^^^^^^
  File "C:\Users\octave\AppData\Roaming\Python\Python314\site-packages\django\db\models\query.py", line 1456, in _filter_or_exclude
    clone._filter_or_exclude_inplace(negate, args, kwargs)
    ~~~~~~~~~~~~~~~~~~~~~~~~~~~~~~~~^^^^^^^^^^^^^^^^^^^^^^
  File "C:\Users\octave\AppData\Roaming\Python\Python314\site-packages\django\db\models\query.py", line 1466, in _filter_or_exclude_inplace
    self._query.add_q(Q(*args, **kwargs))
    ~~~~~~~~~~~~~~~~~^^^^^^^^^^^^^^^^^^^^
  File "C:\Users\octave\AppData\Roaming\Python\Python314\site-packages\django\db\models\sql\query.py", line 1548, in add_q
    clause, _ = self._add_q(q_object, self.used_aliases)
                ~~~~~~~~~~~^^^^^^^^^^^^^^^^^^^^^^^^^^^^^
  File "C:\Users\octave\AppData\Roaming\Python\Python314\site-packages\django\db\models\sql\query.py", line 1579, in _add_q
    child_clause, needed_inner = self.build_filter(
                                 ~~~~~~~~~~~~~~~~~^
        child,
        ^^^^^^
    ...<6 lines>...
        summarize=summarize,
        ^^^^^^^^^^^^^^^^^^^^
    )
    ^
  File "C:\Users\octave\AppData\Roaming\Python\Python314\site-packages\django\db\models\sql\query.py", line 1494, in build_filter
    condition = self.build_lookup(lookups, col, value)
  File "C:\Users\octave\AppData\Roaming\Python\Python314\site-packages\django\db\models\sql\query.py", line 1321, in build_lookup
    lookup = lookup_class(lhs, rhs)
  File "C:\Users\octave\AppData\Roaming\Python\Python314\site-packages\django\db\models\lookups.py", line 27, in __init__
    self.rhs = self.get_prep_lookup()
               ~~~~~~~~~~~~~~~~~~~~^^
  File "C:\Users\octave\AppData\Roaming\Python\Python314\site-packages\django\db\models\fields\related_lookups.py", line 166, in get_prep_lookup
    self.rhs = target_field.get_prep_value(self.rhs)
               ~~~~~~~~~~~~~~~~~~~~~~~~~~~^^^^^^^^^^
  File "C:\Users\octave\AppData\Roaming\Python\Python314\site-packages\django\db\models\fields\__init__.py", line 2055, in get_prep_value
    raise e.__class__(
        "Field '%s' expected a number but got %r." % (self.name, value),
    ) from e
TypeError: Field 'id' expected a number but got <django.contrib.auth.models.AnonymousUser object at 0x00000254A87AAB70>.
Internal Server Error: /api/notifications/
Traceback (most recent call last):
  File "C:\Users\octave\AppData\Roaming\Python\Python314\site-packages\django\db\models\fields\__init__.py", line 2053, in get_prep_value
    return int(value)
  File "C:\Users\octave\AppData\Roaming\Python\Python314\site-packages\django\contrib\auth\models.py", line 437, in __int__
    raise TypeError(
    ...<2 lines>...
    )
TypeError: Cannot cast AnonymousUser to int. Are you trying to use it in place of User?

The above exception was the direct cause of the following exception:

Traceback (most recent call last):
  File "C:\Users\octave\AppData\Roaming\Python\Python314\site-packages\django\core\handlers\exception.py", line 55, in inner
    response = get_response(request)
  File "C:\Users\octave\AppData\Roaming\Python\Python314\site-packages\django\core\handlers\base.py", line 197, in _get_response
    response = wrapped_callback(request, *callback_args, **callback_kwargs)
  File "C:\Users\octave\AppData\Roaming\Python\Python314\site-packages\django\views\decorators\csrf.py", line 56, in wrapper_view
    return view_func(*args, **kwargs)
  File "C:\Users\octave\AppData\Roaming\Python\Python314\site-packages\django\views\generic\base.py", line 105, in view
    return self.dispatch(request, *args, **kwargs)
           ~~~~~~~~~~~~~^^^^^^^^^^^^^^^^^^^^^^^^^^
  File "C:\Users\octave\AppData\Roaming\Python\Python314\site-packages\rest_framework\views.py", line 515, in dispatch
    response = self.handle_exception(exc)
  File "C:\Users\octave\AppData\Roaming\Python\Python314\site-packages\rest_framework\views.py", line 475, in handle_exception
    self.raise_uncaught_exception(exc)
    ~~~~~~~~~~~~~~~~~~~~~~~~~~~~~^^^^^
  File "C:\Users\octave\AppData\Roaming\Python\Python314\site-packages\rest_framework\views.py", line 486, in raise_uncaught_exception
    raise exc
  File "C:\Users\octave\AppData\Roaming\Python\Python314\site-packages\rest_framework\views.py", line 512, in dispatch
    response = handler(request, *args, **kwargs)
  File "C:\Users\octave\AppData\Roaming\Python\Python314\site-packages\rest_framework\decorators.py", line 50, in handler
    return func(*args, **kwargs)
  File "C:\Users\octave\Desktop\STROKE-PATIENT-READMISSION-SYSTEM-\stroke_api\views.py", line 232, in get_notifications
    notifications = Notification.objects.filter(doctor=request.user, is_read=False).order_by('-created_at')
                    ~~~~~~~~~~~~~~~~~~~~~~~~~~~^^^^^^^^^^^^^^^^^^^^^^^^^^^^^^^^^^^^
  File "C:\Users\octave\AppData\Roaming\Python\Python314\site-packages\django\db\models\manager.py", line 87, in manager_method
    return getattr(self.get_queryset(), name)(*args, **kwargs)
           ~~~~~~~~~~~~~~~~~~~~~~~~~~~~~~~~~~^^^^^^^^^^^^^^^^^
  File "C:\Users\octave\AppData\Roaming\Python\Python314\site-packages\django\db\models\query.py", line 1438, in filter
    return self._filter_or_exclude(False, args, kwargs)
           ~~~~~~~~~~~~~~~~~~~~~~~^^^^^^^^^^^^^^^^^^^^^
  File "C:\Users\octave\AppData\Roaming\Python\Python314\site-packages\django\db\models\query.py", line 1456, in _filter_or_exclude
    clone._filter_or_exclude_inplace(negate, args, kwargs)
    ~~~~~~~~~~~~~~~~~~~~~~~~~~~~~~~~^^^^^^^^^^^^^^^^^^^^^^
  File "C:\Users\octave\AppData\Roaming\Python\Python314\site-packages\django\db\models\query.py", line 1466, in _filter_or_exclude_inplace
    self._query.add_q(Q(*args, **kwargs))
    ~~~~~~~~~~~~~~~~~^^^^^^^^^^^^^^^^^^^^
  File "C:\Users\octave\AppData\Roaming\Python\Python314\site-packages\django\db\models\sql\query.py", line 1548, in add_q
    clause, _ = self._add_q(q_object, self.used_aliases)
                ~~~~~~~~~~~^^^^^^^^^^^^^^^^^^^^^^^^^^^^^
  File "C:\Users\octave\AppData\Roaming\Python\Python314\site-packages\django\db\models\sql\query.py", line 1579, in _add_q
    child_clause, needed_inner = self.build_filter(
                                 ~~~~~~~~~~~~~~~~~^
        child,
        ^^^^^^
    ...<6 lines>...
        summarize=summarize,
        ^^^^^^^^^^^^^^^^^^^^
    )
    ^
  File "C:\Users\octave\AppData\Roaming\Python\Python314\site-packages\django\db\models\sql\query.py", line 1494, in build_filter
    condition = self.build_lookup(lookups, col, value)
  File "C:\Users\octave\AppData\Roaming\Python\Python314\site-packages\django\db\models\sql\query.py", line 1321, in build_lookup
    lookup = lookup_class(lhs, rhs)
  File "C:\Users\octave\AppData\Roaming\Python\Python314\site-packages\django\db\models\lookups.py", line 27, in __init__
    self.rhs = self.get_prep_lookup()
               ~~~~~~~~~~~~~~~~~~~~^^
  File "C:\Users\octave\AppData\Roaming\Python\Python314\site-packages\django\db\models\fields\related_lookups.py", line 166, in get_prep_lookup
    self.rhs = target_field.get_prep_value(self.rhs)
               ~~~~~~~~~~~~~~~~~~~~~~~~~~~^^^^^^^^^^
  File "C:\Users\octave\AppData\Roaming\Python\Python314\site-packages\django\db\models\fields\__init__.py", line 2055, in get_prep_value
    raise e.__class__(
        "Field '%s' expected a number but got %r." % (self.name, value),
    ) from e
TypeError: Field 'id' expected a number but got <django.contrib.auth.models.AnonymousUser object at 0x00000254A8244CB0>.
Internal Server Error: /api/notifications/
Traceback (most recent call last):
  File "C:\Users\octave\AppData\Roaming\Python\Python314\site-packages\django\db\models\fields\__init__.py", line 2053, in get_prep_value
    return int(value)
  File "C:\Users\octave\AppData\Roaming\Python\Python314\site-packages\django\contrib\auth\models.py", line 437, in __int__
    raise TypeError(
    ...<2 lines>...
    )
TypeError: Cannot cast AnonymousUser to int. Are you trying to use it in place of User?

The above exception was the direct cause of the following exception:

Traceback (most recent call last):
  File "C:\Users\octave\AppData\Roaming\Python\Python314\site-packages\django\core\handlers\exception.py", line 55, in inner
    response = get_response(request)
  File "C:\Users\octave\AppData\Roaming\Python\Python314\site-packages\django\core\handlers\base.py", line 197, in _get_response
    response = wrapped_callback(request, *callback_args, **callback_kwargs)
  File "C:\Users\octave\AppData\Roaming\Python\Python314\site-packages\django\views\decorators\csrf.py", line 56, in wrapper_view
    return view_func(*args, **kwargs)
  File "C:\Users\octave\AppData\Roaming\Python\Python314\site-packages\django\views\generic\base.py", line 105, in view
    return self.dispatch(request, *args, **kwargs)
           ~~~~~~~~~~~~~^^^^^^^^^^^^^^^^^^^^^^^^^^
  File "C:\Users\octave\AppData\Roaming\Python\Python314\site-packages\rest_framework\views.py", line 515, in dispatch
    response = self.handle_exception(exc)
  File "C:\Users\octave\AppData\Roaming\Python\Python314\site-packages\rest_framework\views.py", line 475, in handle_exception
    self.raise_uncaught_exception(exc)
    ~~~~~~~~~~~~~~~~~~~~~~~~~~~~~^^^^^
  File "C:\Users\octave\AppData\Roaming\Python\Python314\site-packages\rest_framework\views.py", line 486, in raise_uncaught_exception
    raise exc
  File "C:\Users\octave\AppData\Roaming\Python\Python314\site-packages\rest_framework\views.py", line 512, in dispatch
    response = handler(request, *args, **kwargs)
  File "C:\Users\octave\AppData\Roaming\Python\Python314\site-packages\rest_framework\decorators.py", line 50, in handler
    return func(*args, **kwargs)
  File "C:\Users\octave\Desktop\STROKE-PATIENT-READMISSION-SYSTEM-\stroke_api\views.py", line 232, in get_notifications
    notifications = Notification.objects.filter(doctor=request.user, is_read=False).order_by('-created_at')
                    ~~~~~~~~~~~~~~~~~~~~~~~~~~~^^^^^^^^^^^^^^^^^^^^^^^^^^^^^^^^^^^^
  File "C:\Users\octave\AppData\Roaming\Python\Python314\site-packages\django\db\models\manager.py", line 87, in manager_method
    return getattr(self.get_queryset(), name)(*args, **kwargs)
           ~~~~~~~~~~~~~~~~~~~~~~~~~~~~~~~~~~^^^^^^^^^^^^^^^^^
  File "C:\Users\octave\AppData\Roaming\Python\Python314\site-packages\django\db\models\query.py", line 1438, in filter
    return self._filter_or_exclude(False, args, kwargs)
           ~~~~~~~~~~~~~~~~~~~~~~~^^^^^^^^^^^^^^^^^^^^^
  File "C:\Users\octave\AppData\Roaming\Python\Python314\site-packages\django\db\models\query.py", line 1456, in _filter_or_exclude
    clone._filter_or_exclude_inplace(negate, args, kwargs)
    ~~~~~~~~~~~~~~~~~~~~~~~~~~~~~~~~^^^^^^^^^^^^^^^^^^^^^^
  File "C:\Users\octave\AppData\Roaming\Python\Python314\site-packages\django\db\models\query.py", line 1466, in _filter_or_exclude_inplace
    self._query.add_q(Q(*args, **kwargs))
    ~~~~~~~~~~~~~~~~~^^^^^^^^^^^^^^^^^^^^
  File "C:\Users\octave\AppData\Roaming\Python\Python314\site-packages\django\db\models\sql\query.py", line 1548, in add_q
    clause, _ = self._add_q(q_object, self.used_aliases)
                ~~~~~~~~~~~^^^^^^^^^^^^^^^^^^^^^^^^^^^^^
  File "C:\Users\octave\AppData\Roaming\Python\Python314\site-packages\django\db\models\sql\query.py", line 1579, in _add_q
    child_clause, needed_inner = self.build_filter(
                                 ~~~~~~~~~~~~~~~~~^
        child,
        ^^^^^^
    ...<6 lines>...
        summarize=summarize,
        ^^^^^^^^^^^^^^^^^^^^
    )
    ^
  File "C:\Users\octave\AppData\Roaming\Python\Python314\site-packages\django\db\models\sql\query.py", line 1494, in build_filter
    condition = self.build_lookup(lookups, col, value)
  File "C:\Users\octave\AppData\Roaming\Python\Python314\site-packages\django\db\models\sql\query.py", line 1321, in build_lookup
    lookup = lookup_class(lhs, rhs)
  File "C:\Users\octave\AppData\Roaming\Python\Python314\site-packages\django\db\models\lookups.py", line 27, in __init__
    self.rhs = self.get_prep_lookup()
               ~~~~~~~~~~~~~~~~~~~~^^
  File "C:\Users\octave\AppData\Roaming\Python\Python314\site-packages\django\db\models\fields\related_lookups.py", line 166, in get_prep_lookup
    self.rhs = target_field.get_prep_value(self.rhs)
               ~~~~~~~~~~~~~~~~~~~~~~~~~~~^^^^^^^^^^
  File "C:\Users\octave\AppData\Roaming\Python\Python314\site-packages\django\db\models\fields\__init__.py", line 2055, in get_prep_value
    raise e.__class__(
        "Field '%s' expected a number but got %r." % (self.name, value),
    ) from e
TypeError: Field 'id' expected a number but got <django.contrib.auth.models.AnonymousUser object at 0x00000254A831D950>.
Internal Server Error: /api/notifications/
Traceback (most recent call last):
  File "C:\Users\octave\AppData\Roaming\Python\Python314\site-packages\django\db\models\fields\__init__.py", line 2053, in get_prep_value
    return int(value)
  File "C:\Users\octave\AppData\Roaming\Python\Python314\site-packages\django\contrib\auth\models.py", line 437, in __int__
    raise TypeError(
    ...<2 lines>...
    )
TypeError: Cannot cast AnonymousUser to int. Are you trying to use it in place of User?

The above exception was the direct cause of the following exception:

Traceback (most recent call last):
  File "C:\Users\octave\AppData\Roaming\Python\Python314\site-packages\django\core\handlers\exception.py", line 55, in inner
    response = get_response(request)
  File "C:\Users\octave\AppData\Roaming\Python\Python314\site-packages\django\core\handlers\base.py", line 197, in _get_response
    response = wrapped_callback(request, *callback_args, **callback_kwargs)
  File "C:\Users\octave\AppData\Roaming\Python\Python314\site-packages\django\views\decorators\csrf.py", line 56, in wrapper_view
    return view_func(*args, **kwargs)
  File "C:\Users\octave\AppData\Roaming\Python\Python314\site-packages\django\views\generic\base.py", line 105, in view
    return self.dispatch(request, *args, **kwargs)
           ~~~~~~~~~~~~~^^^^^^^^^^^^^^^^^^^^^^^^^^
  File "C:\Users\octave\AppData\Roaming\Python\Python314\site-packages\rest_framework\views.py", line 515, in dispatch
    response = self.handle_exception(exc)
  File "C:\Users\octave\AppData\Roaming\Python\Python314\site-packages\rest_framework\views.py", line 475, in handle_exception
    self.raise_uncaught_exception(exc)
    ~~~~~~~~~~~~~~~~~~~~~~~~~~~~~^^^^^
  File "C:\Users\octave\AppData\Roaming\Python\Python314\site-packages\rest_framework\views.py", line 486, in raise_uncaught_exception
    raise exc
  File "C:\Users\octave\AppData\Roaming\Python\Python314\site-packages\rest_framework\views.py", line 512, in dispatch
    response = handler(request, *args, **kwargs)
  File "C:\Users\octave\AppData\Roaming\Python\Python314\site-packages\rest_framework\decorators.py", line 50, in handler
    return func(*args, **kwargs)
  File "C:\Users\octave\Desktop\STROKE-PATIENT-READMISSION-SYSTEM-\stroke_api\views.py", line 232, in get_notifications
    notifications = Notification.objects.filter(doctor=request.user, is_read=False).order_by('-created_at')
                    ~~~~~~~~~~~~~~~~~~~~~~~~~~~^^^^^^^^^^^^^^^^^^^^^^^^^^^^^^^^^^^^
  File "C:\Users\octave\AppData\Roaming\Python\Python314\site-packages\django\db\models\manager.py", line 87, in manager_method
    return getattr(self.get_queryset(), name)(*args, **kwargs)
           ~~~~~~~~~~~~~~~~~~~~~~~~~~~~~~~~~~^^^^^^^^^^^^^^^^^
  File "C:\Users\octave\AppData\Roaming\Python\Python314\site-packages\django\db\models\query.py", line 1438, in filter
    return self._filter_or_exclude(False, args, kwargs)
           ~~~~~~~~~~~~~~~~~~~~~~~^^^^^^^^^^^^^^^^^^^^^
  File "C:\Users\octave\AppData\Roaming\Python\Python314\site-packages\django\db\models\query.py", line 1456, in _filter_or_exclude
    clone._filter_or_exclude_inplace(negate, args, kwargs)
    ~~~~~~~~~~~~~~~~~~~~~~~~~~~~~~~~^^^^^^^^^^^^^^^^^^^^^^
  File "C:\Users\octave\AppData\Roaming\Python\Python314\site-packages\django\db\models\query.py", line 1466, in _filter_or_exclude_inplace
    self._query.add_q(Q(*args, **kwargs))
    ~~~~~~~~~~~~~~~~~^^^^^^^^^^^^^^^^^^^^
  File "C:\Users\octave\AppData\Roaming\Python\Python314\site-packages\django\db\models\sql\query.py", line 1548, in add_q
    clause, _ = self._add_q(q_object, self.used_aliases)
                ~~~~~~~~~~~^^^^^^^^^^^^^^^^^^^^^^^^^^^^^
  File "C:\Users\octave\AppData\Roaming\Python\Python314\site-packages\django\db\models\sql\query.py", line 1579, in _add_q
    child_clause, needed_inner = self.build_filter(
                                 ~~~~~~~~~~~~~~~~~^
        child,
        ^^^^^^
    ...<6 lines>...
        summarize=summarize,
        ^^^^^^^^^^^^^^^^^^^^
    )
    ^
  File "C:\Users\octave\AppData\Roaming\Python\Python314\site-packages\django\db\models\sql\query.py", line 1494, in build_filter
    condition = self.build_lookup(lookups, col, value)
  File "C:\Users\octave\AppData\Roaming\Python\Python314\site-packages\django\db\models\sql\query.py", line 1321, in build_lookup
    lookup = lookup_class(lhs, rhs)
  File "C:\Users\octave\AppData\Roaming\Python\Python314\site-packages\django\db\models\lookups.py", line 27, in __init__
    self.rhs = self.get_prep_lookup()
               ~~~~~~~~~~~~~~~~~~~~^^
  File "C:\Users\octave\AppData\Roaming\Python\Python314\site-packages\django\db\models\fields\related_lookups.py", line 166, in get_prep_lookup
    self.rhs = target_field.get_prep_value(self.rhs)
               ~~~~~~~~~~~~~~~~~~~~~~~~~~~^^^^^^^^^^
  File "C:\Users\octave\AppData\Roaming\Python\Python314\site-packages\django\db\models\fields\__init__.py", line 2055, in get_prep_value
    raise e.__class__(
        "Field '%s' expected a number but got %r." % (self.name, value),
    ) from e
TypeError: Field 'id' expected a number but got <django.contrib.auth.models.AnonymousUser object at 0x00000254A87EDED0>.
Internal Server Error: /api/notifications/
Traceback (most recent call last):
  File "C:\Users\octave\AppData\Roaming\Python\Python314\site-packages\django\db\models\fields\__init__.py", line 2053, in get_prep_value
    return int(value)
  File "C:\Users\octave\AppData\Roaming\Python\Python314\site-packages\django\contrib\auth\models.py", line 437, in __int__
    raise TypeError(
    ...<2 lines>...
    )
TypeError: Cannot cast AnonymousUser to int. Are you trying to use it in place of User?

The above exception was the direct cause of the following exception:

Traceback (most recent call last):
  File "C:\Users\octave\AppData\Roaming\Python\Python314\site-packages\django\core\handlers\exception.py", line 55, in inner
    response = get_response(request)
  File "C:\Users\octave\AppData\Roaming\Python\Python314\site-packages\django\core\handlers\base.py", line 197, in _get_response
    response = wrapped_callback(request, *callback_args, **callback_kwargs)
  File "C:\Users\octave\AppData\Roaming\Python\Python314\site-packages\django\views\decorators\csrf.py", line 56, in wrapper_view
    return view_func(*args, **kwargs)
  File "C:\Users\octave\AppData\Roaming\Python\Python314\site-packages\django\views\generic\base.py", line 105, in view
    return self.dispatch(request, *args, **kwargs)
           ~~~~~~~~~~~~~^^^^^^^^^^^^^^^^^^^^^^^^^^
  File "C:\Users\octave\AppData\Roaming\Python\Python314\site-packages\rest_framework\views.py", line 515, in dispatch
    response = self.handle_exception(exc)
  File "C:\Users\octave\AppData\Roaming\Python\Python314\site-packages\rest_framework\views.py", line 475, in handle_exception
    self.raise_uncaught_exception(exc)
    ~~~~~~~~~~~~~~~~~~~~~~~~~~~~~^^^^^
  File "C:\Users\octave\AppData\Roaming\Python\Python314\site-packages\rest_framework\views.py", line 486, in raise_uncaught_exception
    raise exc
  File "C:\Users\octave\AppData\Roaming\Python\Python314\site-packages\rest_framework\views.py", line 512, in dispatch
    response = handler(request, *args, **kwargs)
  File "C:\Users\octave\AppData\Roaming\Python\Python314\site-packages\rest_framework\decorators.py", line 50, in handler
    return func(*args, **kwargs)
  File "C:\Users\octave\Desktop\STROKE-PATIENT-READMISSION-SYSTEM-\stroke_api\views.py", line 232, in get_notifications
    notifications = Notification.objects.filter(doctor=request.user, is_read=False).order_by('-created_at')
                    ~~~~~~~~~~~~~~~~~~~~~~~~~~~^^^^^^^^^^^^^^^^^^^^^^^^^^^^^^^^^^^^
  File "C:\Users\octave\AppData\Roaming\Python\Python314\site-packages\django\db\models\manager.py", line 87, in manager_method
    return getattr(self.get_queryset(), name)(*args, **kwargs)
           ~~~~~~~~~~~~~~~~~~~~~~~~~~~~~~~~~~^^^^^^^^^^^^^^^^^
  File "C:\Users\octave\AppData\Roaming\Python\Python314\site-packages\django\db\models\query.py", line 1438, in filter
    return self._filter_or_exclude(False, args, kwargs)
           ~~~~~~~~~~~~~~~~~~~~~~~^^^^^^^^^^^^^^^^^^^^^
  File "C:\Users\octave\AppData\Roaming\Python\Python314\site-packages\django\db\models\query.py", line 1456, in _filter_or_exclude
    clone._filter_or_exclude_inplace(negate, args, kwargs)
    ~~~~~~~~~~~~~~~~~~~~~~~~~~~~~~~~^^^^^^^^^^^^^^^^^^^^^^
  File "C:\Users\octave\AppData\Roaming\Python\Python314\site-packages\django\db\models\query.py", line 1466, in _filter_or_exclude_inplace
    self._query.add_q(Q(*args, **kwargs))
    ~~~~~~~~~~~~~~~~~^^^^^^^^^^^^^^^^^^^^
  File "C:\Users\octave\AppData\Roaming\Python\Python314\site-packages\django\db\models\sql\query.py", line 1548, in add_q
    clause, _ = self._add_q(q_object, self.used_aliases)
                ~~~~~~~~~~~^^^^^^^^^^^^^^^^^^^^^^^^^^^^^
  File "C:\Users\octave\AppData\Roaming\Python\Python314\site-packages\django\db\models\sql\query.py", line 1579, in _add_q
    child_clause, needed_inner = self.build_filter(
                                 ~~~~~~~~~~~~~~~~~^
        child,
        ^^^^^^
    ...<6 lines>...
        summarize=summarize,
        ^^^^^^^^^^^^^^^^^^^^
    )
    ^
  File "C:\Users\octave\AppData\Roaming\Python\Python314\site-packages\django\db\models\sql\query.py", line 1494, in build_filter
    condition = self.build_lookup(lookups, col, value)
  File "C:\Users\octave\AppData\Roaming\Python\Python314\site-packages\django\db\models\sql\query.py", line 1321, in build_lookup
    lookup = lookup_class(lhs, rhs)
  File "C:\Users\octave\AppData\Roaming\Python\Python314\site-packages\django\db\models\lookups.py", line 27, in __init__
    self.rhs = self.get_prep_lookup()
               ~~~~~~~~~~~~~~~~~~~~^^
  File "C:\Users\octave\AppData\Roaming\Python\Python314\site-packages\django\db\models\fields\related_lookups.py", line 166, in get_prep_lookup
    self.rhs = target_field.get_prep_value(self.rhs)
               ~~~~~~~~~~~~~~~~~~~~~~~~~~~^^^^^^^^^^
  File "C:\Users\octave\AppData\Roaming\Python\Python314\site-packages\django\db\models\fields\__init__.py", line 2055, in get_prep_value
    raise e.__class__(
        "Field '%s' expected a number but got %r." % (self.name, value),
    ) from e
TypeError: Field 'id' expected a number but got <django.contrib.auth.models.AnonymousUser object at 0x00000254A8258590>.
Internal Server Error: /api/notifications/
Traceback (most recent call last):
  File "C:\Users\octave\AppData\Roaming\Python\Python314\site-packages\django\db\models\fields\__init__.py", line 2053, in get_prep_value
    return int(value)
  File "C:\Users\octave\AppData\Roaming\Python\Python314\site-packages\django\contrib\auth\models.py", line 437, in __int__
    raise TypeError(
    ...<2 lines>...
    )
TypeError: Cannot cast AnonymousUser to int. Are you trying to use it in place of User?

The above exception was the direct cause of the following exception:

Traceback (most recent call last):
  File "C:\Users\octave\AppData\Roaming\Python\Python314\site-packages\django\core\handlers\exception.py", line 55, in inner
    response = get_response(request)
  File "C:\Users\octave\AppData\Roaming\Python\Python314\site-packages\django\core\handlers\base.py", line 197, in _get_response
    response = wrapped_callback(request, *callback_args, **callback_kwargs)
  File "C:\Users\octave\AppData\Roaming\Python\Python314\site-packages\django\views\decorators\csrf.py", line 56, in wrapper_view
    return view_func(*args, **kwargs)
  File "C:\Users\octave\AppData\Roaming\Python\Python314\site-packages\django\views\generic\base.py", line 105, in view
    return self.dispatch(request, *args, **kwargs)
           ~~~~~~~~~~~~~^^^^^^^^^^^^^^^^^^^^^^^^^^
  File "C:\Users\octave\AppData\Roaming\Python\Python314\site-packages\rest_framework\views.py", line 515, in dispatch
    response = self.handle_exception(exc)
  File "C:\Users\octave\AppData\Roaming\Python\Python314\site-packages\rest_framework\views.py", line 475, in handle_exception
    self.raise_uncaught_exception(exc)
    ~~~~~~~~~~~~~~~~~~~~~~~~~~~~~^^^^^
  File "C:\Users\octave\AppData\Roaming\Python\Python314\site-packages\rest_framework\views.py", line 486, in raise_uncaught_exception
    raise exc
  File "C:\Users\octave\AppData\Roaming\Python\Python314\site-packages\rest_framework\views.py", line 512, in dispatch
    response = handler(request, *args, **kwargs)
  File "C:\Users\octave\AppData\Roaming\Python\Python314\site-packages\rest_framework\decorators.py", line 50, in handler
    return func(*args, **kwargs)
  File "C:\Users\octave\Desktop\STROKE-PATIENT-READMISSION-SYSTEM-\stroke_api\views.py", line 232, in get_notifications
    notifications = Notification.objects.filter(doctor=request.user, is_read=False).order_by('-created_at')
                    ~~~~~~~~~~~~~~~~~~~~~~~~~~~^^^^^^^^^^^^^^^^^^^^^^^^^^^^^^^^^^^^
  File "C:\Users\octave\AppData\Roaming\Python\Python314\site-packages\django\db\models\manager.py", line 87, in manager_method
    return getattr(self.get_queryset(), name)(*args, **kwargs)
           ~~~~~~~~~~~~~~~~~~~~~~~~~~~~~~~~~~^^^^^^^^^^^^^^^^^
  File "C:\Users\octave\AppData\Roaming\Python\Python314\site-packages\django\db\models\query.py", line 1438, in filter
    return self._filter_or_exclude(False, args, kwargs)
           ~~~~~~~~~~~~~~~~~~~~~~~^^^^^^^^^^^^^^^^^^^^^
  File "C:\Users\octave\AppData\Roaming\Python\Python314\site-packages\django\db\models\query.py", line 1456, in _filter_or_exclude
    clone._filter_or_exclude_inplace(negate, args, kwargs)
    ~~~~~~~~~~~~~~~~~~~~~~~~~~~~~~~~^^^^^^^^^^^^^^^^^^^^^^
  File "C:\Users\octave\AppData\Roaming\Python\Python314\site-packages\django\db\models\query.py", line 1466, in _filter_or_exclude_inplace
    self._query.add_q(Q(*args, **kwargs))
    ~~~~~~~~~~~~~~~~~^^^^^^^^^^^^^^^^^^^^
  File "C:\Users\octave\AppData\Roaming\Python\Python314\site-packages\django\db\models\sql\query.py", line 1548, in add_q
    clause, _ = self._add_q(q_object, self.used_aliases)
                ~~~~~~~~~~~^^^^^^^^^^^^^^^^^^^^^^^^^^^^^
  File "C:\Users\octave\AppData\Roaming\Python\Python314\site-packages\django\db\models\sql\query.py", line 1579, in _add_q
    child_clause, needed_inner = self.build_filter(
                                 ~~~~~~~~~~~~~~~~~^
        child,
        ^^^^^^
    ...<6 lines>...
        summarize=summarize,
        ^^^^^^^^^^^^^^^^^^^^
    )
    ^
  File "C:\Users\octave\AppData\Roaming\Python\Python314\site-packages\django\db\models\sql\query.py", line 1494, in build_filter
    condition = self.build_lookup(lookups, col, value)
  File "C:\Users\octave\AppData\Roaming\Python\Python314\site-packages\django\db\models\sql\query.py", line 1321, in build_lookup
    lookup = lookup_class(lhs, rhs)
  File "C:\Users\octave\AppData\Roaming\Python\Python314\site-packages\django\db\models\lookups.py", line 27, in __init__
    self.rhs = self.get_prep_lookup()
               ~~~~~~~~~~~~~~~~~~~~^^
  File "C:\Users\octave\AppData\Roaming\Python\Python314\site-packages\django\db\models\fields\related_lookups.py", line 166, in get_prep_lookup
    self.rhs = target_field.get_prep_value(self.rhs)
               ~~~~~~~~~~~~~~~~~~~~~~~~~~~^^^^^^^^^^
  File "C:\Users\octave\AppData\Roaming\Python\Python314\site-packages\django\db\models\fields\__init__.py", line 2055, in get_prep_value
    raise e.__class__(
        "Field '%s' expected a number but got %r." % (self.name, value),
    ) from e
TypeError: Field 'id' expected a number but got <django.contrib.auth.models.AnonymousUser object at 0x00000254A80D1E80>.
C:\Users\octave\Desktop\STROKE-PATIENT-READMISSION-SYSTEM-\stroke_api\views.py changed, reloading.
Watching for file changes with StatReloader
C:\Users\octave\Desktop\STROKE-PATIENT-READMISSION-SYSTEM-\stroke_api\views.py changed, reloading.
Watching for file changes with StatReloader
Forbidden: /api/patient/1/
Forbidden: /api/patient/1/reports/
Forbidden: /api/patient/1/reports/
Forbidden: /api/patient/1/
Forbidden: /api/patient/1/reports/
Forbidden: /api/patient/1/
Forbidden: /api/patient/1/reports/
Forbidden: /api/patient/1/
Forbidden: /api/patient/1/
Forbidden: /api/patient/1/reports/
Forbidden: /api/patient/1/
Forbidden: /api/patient/1/reports/
Forbidden: /api/patient/1/reports/
Forbidden: /api/patient/1/
Forbidden: /api/patient/1/
Forbidden: /api/patient/1/reports/
C:\Users\octave\Desktop\STROKE-PATIENT-READMISSION-SYSTEM-\stroke_api\views.py changed, reloading.
Watching for file changes with StatReloader
C:\Users\octave\Desktop\STROKE-PATIENT-READMISSION-SYSTEM-\stroke_api\views.py changed, reloading.
Watching for file changes with StatReloader
C:\Users\octave\Desktop\STROKE-PATIENT-READMISSION-SYSTEM-\stroke_api\views.py changed, reloading.
Watching for file changes with StatReloader
Too Many Requests: /api/panic-alert/
Too Many Requests: /api/panic-alert/
Too Many Requests: /api/panic-alert/
Too Many Requests: /api/panic-alert/
Internal Server Error: /admin/auth/user/
Traceback (most recent call last):
  File "C:\Users\octave\AppData\Roaming\Python\Python314\site-packages\django\core\handlers\exception.py", line 55, in inner
    response = get_response(request)
  File "C:\Users\octave\AppData\Roaming\Python\Python314\site-packages\django\core\handlers\base.py", line 220, in _get_response
    response = response.render()
  File "C:\Users\octave\AppData\Roaming\Python\Python314\site-packages\django\template\response.py", line 114, in render
    self.content = self.rendered_content
                   ^^^^^^^^^^^^^^^^^^^^^
  File "C:\Users\octave\AppData\Roaming\Python\Python314\site-packages\django\template\response.py", line 92, in rendered_content
    return template.render(context, self._request)
           ~~~~~~~~~~~~~~~^^^^^^^^^^^^^^^^^^^^^^^^
  File "C:\Users\octave\AppData\Roaming\Python\Python314\site-packages\django\template\backends\django.py", line 61, in render
    return self.template.render(context)
           ~~~~~~~~~~~~~~~~~~~~^^^^^^^^^
  File "C:\Users\octave\AppData\Roaming\Python\Python314\site-packages\django\template\base.py", line 175, in render
    return self._render(context)
           ~~~~~~~~~~~~^^^^^^^^^
  File "C:\Users\octave\AppData\Roaming\Python\Python314\site-packages\django\template\base.py", line 167, in _render
    return self.nodelist.render(context)
           ~~~~~~~~~~~~~~~~~~~~^^^^^^^^^
  File "C:\Users\octave\AppData\Roaming\Python\Python314\site-packages\django\template\base.py", line 1005, in render
    return SafeString("".join([node.render_annotated(context) for node in self]))
                               ~~~~~~~~~~~~~~~~~~~~~^^^^^^^^^
  File "C:\Users\octave\AppData\Roaming\Python\Python314\site-packages\django\template\base.py", line 966, in render_annotated
    return self.render(context)
           ~~~~~~~~~~~^^^^^^^^^
  File "C:\Users\octave\AppData\Roaming\Python\Python314\site-packages\django\template\loader_tags.py", line 157, in render
    return compiled_parent._render(context)
           ~~~~~~~~~~~~~~~~~~~~~~~^^^^^^^^^
  File "C:\Users\octave\AppData\Roaming\Python\Python314\site-packages\django\template\base.py", line 167, in _render
    return self.nodelist.render(context)
           ~~~~~~~~~~~~~~~~~~~~^^^^^^^^^
  File "C:\Users\octave\AppData\Roaming\Python\Python314\site-packages\django\template\base.py", line 1005, in render
    return SafeString("".join([node.render_annotated(context) for node in self]))
                               ~~~~~~~~~~~~~~~~~~~~~^^^^^^^^^
  File "C:\Users\octave\AppData\Roaming\Python\Python314\site-packages\django\template\base.py", line 966, in render_annotated
    return self.render(context)
           ~~~~~~~~~~~^^^^^^^^^
  File "C:\Users\octave\AppData\Roaming\Python\Python314\site-packages\django\template\loader_tags.py", line 157, in render
    return compiled_parent._render(context)
           ~~~~~~~~~~~~~~~~~~~~~~~^^^^^^^^^
  File "C:\Users\octave\AppData\Roaming\Python\Python314\site-packages\django\template\base.py", line 167, in _render
    return self.nodelist.render(context)
           ~~~~~~~~~~~~~~~~~~~~^^^^^^^^^
  File "C:\Users\octave\AppData\Roaming\Python\Python314\site-packages\django\template\base.py", line 1005, in render
    return SafeString("".join([node.render_annotated(context) for node in self]))
                               ~~~~~~~~~~~~~~~~~~~~~^^^^^^^^^
  File "C:\Users\octave\AppData\Roaming\Python\Python314\site-packages\django\template\base.py", line 966, in render_annotated
    return self.render(context)
           ~~~~~~~~~~~^^^^^^^^^
  File "C:\Users\octave\AppData\Roaming\Python\Python314\site-packages\django\template\loader_tags.py", line 63, in render
    result = block.nodelist.render(context)
  File "C:\Users\octave\AppData\Roaming\Python\Python314\site-packages\django\template\base.py", line 1005, in render
    return SafeString("".join([node.render_annotated(context) for node in self]))
                               ~~~~~~~~~~~~~~~~~~~~~^^^^^^^^^
  File "C:\Users\octave\AppData\Roaming\Python\Python314\site-packages\django\template\base.py", line 966, in render_annotated
    return self.render(context)
           ~~~~~~~~~~~^^^^^^^^^
  File "C:\Users\octave\AppData\Roaming\Python\Python314\site-packages\django\template\loader_tags.py", line 63, in render
    result = block.nodelist.render(context)
  File "C:\Users\octave\AppData\Roaming\Python\Python314\site-packages\django\template\base.py", line 1005, in render
    return SafeString("".join([node.render_annotated(context) for node in self]))
                               ~~~~~~~~~~~~~~~~~~~~~^^^^^^^^^
  File "C:\Users\octave\AppData\Roaming\Python\Python314\site-packages\django\template\base.py", line 966, in render_annotated
    return self.render(context)
           ~~~~~~~~~~~^^^^^^^^^
  File "C:\Users\octave\AppData\Roaming\Python\Python314\site-packages\django\template\loader_tags.py", line 63, in render
    result = block.nodelist.render(context)
  File "C:\Users\octave\AppData\Roaming\Python\Python314\site-packages\django\template\base.py", line 1005, in render
    return SafeString("".join([node.render_annotated(context) for node in self]))
                               ~~~~~~~~~~~~~~~~~~~~~^^^^^^^^^
  File "C:\Users\octave\AppData\Roaming\Python\Python314\site-packages\django\template\base.py", line 966, in render_annotated
    return self.render(context)
           ~~~~~~~~~~~^^^^^^^^^
  File "C:\Users\octave\AppData\Roaming\Python\Python314\site-packages\django\contrib\admin\templatetags\base.py", line 45, in render
    return super().render(context)
           ~~~~~~~~~~~~~~^^^^^^^^^
  File "C:\Users\octave\AppData\Roaming\Python\Python314\site-packages\django\template\library.py", line 271, in render
    new_context = context.new(_dict)
  File "C:\Users\octave\AppData\Roaming\Python\Python314\site-packages\django\template\context.py", line 265, in new
    new_context = super().new(values)
  File "C:\Users\octave\AppData\Roaming\Python\Python314\site-packages\django\template\context.py", line 110, in new
    new_context = copy(self)
  File "C:\Python314\Lib\copy.py", line 82, in copy
    return copier(x)
  File "C:\Users\octave\AppData\Roaming\Python\Python314\site-packages\django\template\context.py", line 158, in __copy__
    duplicate = super().__copy__()
  File "C:\Users\octave\AppData\Roaming\Python\Python314\site-packages\django\template\context.py", line 39, in __copy__
    duplicate.dicts = self.dicts[:]
    ^^^^^^^^^^^^^^^
AttributeError: 'super' object has no attribute 'dicts' and no __dict__ for setting new attributes
Internal Server Error: /admin/auth/group/
Traceback (most recent call last):
  File "C:\Users\octave\AppData\Roaming\Python\Python314\site-packages\django\core\handlers\exception.py", line 55, in inner
    response = get_response(request)
  File "C:\Users\octave\AppData\Roaming\Python\Python314\site-packages\django\core\handlers\base.py", line 220, in _get_response
    response = response.render()
  File "C:\Users\octave\AppData\Roaming\Python\Python314\site-packages\django\template\response.py", line 114, in render
    self.content = self.rendered_content
                   ^^^^^^^^^^^^^^^^^^^^^
  File "C:\Users\octave\AppData\Roaming\Python\Python314\site-packages\django\template\response.py", line 92, in rendered_content
    return template.render(context, self._request)
           ~~~~~~~~~~~~~~~^^^^^^^^^^^^^^^^^^^^^^^^
  File "C:\Users\octave\AppData\Roaming\Python\Python314\site-packages\django\template\backends\django.py", line 61, in render
    return self.template.render(context)
           ~~~~~~~~~~~~~~~~~~~~^^^^^^^^^
  File "C:\Users\octave\AppData\Roaming\Python\Python314\site-packages\django\template\base.py", line 175, in render
    return self._render(context)
           ~~~~~~~~~~~~^^^^^^^^^
  File "C:\Users\octave\AppData\Roaming\Python\Python314\site-packages\django\template\base.py", line 167, in _render
    return self.nodelist.render(context)
           ~~~~~~~~~~~~~~~~~~~~^^^^^^^^^
  File "C:\Users\octave\AppData\Roaming\Python\Python314\site-packages\django\template\base.py", line 1005, in render
    return SafeString("".join([node.render_annotated(context) for node in self]))
                               ~~~~~~~~~~~~~~~~~~~~~^^^^^^^^^
  File "C:\Users\octave\AppData\Roaming\Python\Python314\site-packages\django\template\base.py", line 966, in render_annotated
    return self.render(context)
           ~~~~~~~~~~~^^^^^^^^^
  File "C:\Users\octave\AppData\Roaming\Python\Python314\site-packages\django\template\loader_tags.py", line 157, in render
    return compiled_parent._render(context)
           ~~~~~~~~~~~~~~~~~~~~~~~^^^^^^^^^
  File "C:\Users\octave\AppData\Roaming\Python\Python314\site-packages\django\template\base.py", line 167, in _render
    return self.nodelist.render(context)
           ~~~~~~~~~~~~~~~~~~~~^^^^^^^^^
  File "C:\Users\octave\AppData\Roaming\Python\Python314\site-packages\django\template\base.py", line 1005, in render
    return SafeString("".join([node.render_annotated(context) for node in self]))
                               ~~~~~~~~~~~~~~~~~~~~~^^^^^^^^^
  File "C:\Users\octave\AppData\Roaming\Python\Python314\site-packages\django\template\base.py", line 966, in render_annotated
    return self.render(context)
           ~~~~~~~~~~~^^^^^^^^^
  File "C:\Users\octave\AppData\Roaming\Python\Python314\site-packages\django\template\loader_tags.py", line 157, in render
    return compiled_parent._render(context)
           ~~~~~~~~~~~~~~~~~~~~~~~^^^^^^^^^
  File "C:\Users\octave\AppData\Roaming\Python\Python314\site-packages\django\template\base.py", line 167, in _render
    return self.nodelist.render(context)
           ~~~~~~~~~~~~~~~~~~~~^^^^^^^^^
  File "C:\Users\octave\AppData\Roaming\Python\Python314\site-packages\django\template\base.py", line 1005, in render
    return SafeString("".join([node.render_annotated(context) for node in self]))
                               ~~~~~~~~~~~~~~~~~~~~~^^^^^^^^^
  File "C:\Users\octave\AppData\Roaming\Python\Python314\site-packages\django\template\base.py", line 966, in render_annotated
    return self.render(context)
           ~~~~~~~~~~~^^^^^^^^^
  File "C:\Users\octave\AppData\Roaming\Python\Python314\site-packages\django\template\loader_tags.py", line 63, in render
    result = block.nodelist.render(context)
  File "C:\Users\octave\AppData\Roaming\Python\Python314\site-packages\django\template\base.py", line 1005, in render
    return SafeString("".join([node.render_annotated(context) for node in self]))
                               ~~~~~~~~~~~~~~~~~~~~~^^^^^^^^^
  File "C:\Users\octave\AppData\Roaming\Python\Python314\site-packages\django\template\base.py", line 966, in render_annotated
    return self.render(context)
           ~~~~~~~~~~~^^^^^^^^^
  File "C:\Users\octave\AppData\Roaming\Python\Python314\site-packages\django\template\loader_tags.py", line 63, in render
    result = block.nodelist.render(context)
  File "C:\Users\octave\AppData\Roaming\Python\Python314\site-packages\django\template\base.py", line 1005, in render
    return SafeString("".join([node.render_annotated(context) for node in self]))
                               ~~~~~~~~~~~~~~~~~~~~~^^^^^^^^^
  File "C:\Users\octave\AppData\Roaming\Python\Python314\site-packages\django\template\base.py", line 966, in render_annotated
    return self.render(context)
           ~~~~~~~~~~~^^^^^^^^^
  File "C:\Users\octave\AppData\Roaming\Python\Python314\site-packages\django\template\loader_tags.py", line 63, in render
    result = block.nodelist.render(context)
  File "C:\Users\octave\AppData\Roaming\Python\Python314\site-packages\django\template\base.py", line 1005, in render
    return SafeString("".join([node.render_annotated(context) for node in self]))
                               ~~~~~~~~~~~~~~~~~~~~~^^^^^^^^^
  File "C:\Users\octave\AppData\Roaming\Python\Python314\site-packages\django\template\base.py", line 966, in render_annotated
    return self.render(context)
           ~~~~~~~~~~~^^^^^^^^^
  File "C:\Users\octave\AppData\Roaming\Python\Python314\site-packages\django\contrib\admin\templatetags\base.py", line 45, in render
    return super().render(context)
           ~~~~~~~~~~~~~~^^^^^^^^^
  File "C:\Users\octave\AppData\Roaming\Python\Python314\site-packages\django\template\library.py", line 271, in render
    new_context = context.new(_dict)
  File "C:\Users\octave\AppData\Roaming\Python\Python314\site-packages\django\template\context.py", line 265, in new
    new_context = super().new(values)
  File "C:\Users\octave\AppData\Roaming\Python\Python314\site-packages\django\template\context.py", line 110, in new
    new_context = copy(self)
  File "C:\Python314\Lib\copy.py", line 82, in copy
    return copier(x)
  File "C:\Users\octave\AppData\Roaming\Python\Python314\site-packages\django\template\context.py", line 158, in __copy__
    duplicate = super().__copy__()
  File "C:\Users\octave\AppData\Roaming\Python\Python314\site-packages\django\template\context.py", line 39, in __copy__
    duplicate.dicts = self.dicts[:]
    ^^^^^^^^^^^^^^^
AttributeError: 'super' object has no attribute 'dicts' and no __dict__ for setting new attributes
Internal Server Error: /admin/stroke_api/panicalert/
Traceback (most recent call last):
  File "C:\Users\octave\AppData\Roaming\Python\Python314\site-packages\django\core\handlers\exception.py", line 55, in inner
    response = get_response(request)
  File "C:\Users\octave\AppData\Roaming\Python\Python314\site-packages\django\core\handlers\base.py", line 220, in _get_response
    response = response.render()
  File "C:\Users\octave\AppData\Roaming\Python\Python314\site-packages\django\template\response.py", line 114, in render
    self.content = self.rendered_content
                   ^^^^^^^^^^^^^^^^^^^^^
  File "C:\Users\octave\AppData\Roaming\Python\Python314\site-packages\django\template\response.py", line 92, in rendered_content
    return template.render(context, self._request)
           ~~~~~~~~~~~~~~~^^^^^^^^^^^^^^^^^^^^^^^^
  File "C:\Users\octave\AppData\Roaming\Python\Python314\site-packages\django\template\backends\django.py", line 61, in render
    return self.template.render(context)
           ~~~~~~~~~~~~~~~~~~~~^^^^^^^^^
  File "C:\Users\octave\AppData\Roaming\Python\Python314\site-packages\django\template\base.py", line 175, in render
    return self._render(context)
           ~~~~~~~~~~~~^^^^^^^^^
  File "C:\Users\octave\AppData\Roaming\Python\Python314\site-packages\django\template\base.py", line 167, in _render
    return self.nodelist.render(context)
           ~~~~~~~~~~~~~~~~~~~~^^^^^^^^^
  File "C:\Users\octave\AppData\Roaming\Python\Python314\site-packages\django\template\base.py", line 1005, in render
    return SafeString("".join([node.render_annotated(context) for node in self]))
                               ~~~~~~~~~~~~~~~~~~~~~^^^^^^^^^
  File "C:\Users\octave\AppData\Roaming\Python\Python314\site-packages\django\template\base.py", line 966, in render_annotated
    return self.render(context)
           ~~~~~~~~~~~^^^^^^^^^
  File "C:\Users\octave\AppData\Roaming\Python\Python314\site-packages\django\template\loader_tags.py", line 157, in render
    return compiled_parent._render(context)
           ~~~~~~~~~~~~~~~~~~~~~~~^^^^^^^^^
  File "C:\Users\octave\AppData\Roaming\Python\Python314\site-packages\django\template\base.py", line 167, in _render
    return self.nodelist.render(context)
           ~~~~~~~~~~~~~~~~~~~~^^^^^^^^^
  File "C:\Users\octave\AppData\Roaming\Python\Python314\site-packages\django\template\base.py", line 1005, in render
    return SafeString("".join([node.render_annotated(context) for node in self]))
                               ~~~~~~~~~~~~~~~~~~~~~^^^^^^^^^
  File "C:\Users\octave\AppData\Roaming\Python\Python314\site-packages\django\template\base.py", line 966, in render_annotated
    return self.render(context)
           ~~~~~~~~~~~^^^^^^^^^
  File "C:\Users\octave\AppData\Roaming\Python\Python314\site-packages\django\template\loader_tags.py", line 157, in render
    return compiled_parent._render(context)
           ~~~~~~~~~~~~~~~~~~~~~~~^^^^^^^^^
  File "C:\Users\octave\AppData\Roaming\Python\Python314\site-packages\django\template\base.py", line 167, in _render
    return self.nodelist.render(context)
           ~~~~~~~~~~~~~~~~~~~~^^^^^^^^^
  File "C:\Users\octave\AppData\Roaming\Python\Python314\site-packages\django\template\base.py", line 1005, in render
    return SafeString("".join([node.render_annotated(context) for node in self]))
                               ~~~~~~~~~~~~~~~~~~~~~^^^^^^^^^
  File "C:\Users\octave\AppData\Roaming\Python\Python314\site-packages\django\template\base.py", line 966, in render_annotated
    return self.render(context)
           ~~~~~~~~~~~^^^^^^^^^
  File "C:\Users\octave\AppData\Roaming\Python\Python314\site-packages\django\template\loader_tags.py", line 63, in render
    result = block.nodelist.render(context)
  File "C:\Users\octave\AppData\Roaming\Python\Python314\site-packages\django\template\base.py", line 1005, in render
    return SafeString("".join([node.render_annotated(context) for node in self]))
                               ~~~~~~~~~~~~~~~~~~~~~^^^^^^^^^
  File "C:\Users\octave\AppData\Roaming\Python\Python314\site-packages\django\template\base.py", line 966, in render_annotated
    return self.render(context)
           ~~~~~~~~~~~^^^^^^^^^
  File "C:\Users\octave\AppData\Roaming\Python\Python314\site-packages\django\template\loader_tags.py", line 63, in render
    result = block.nodelist.render(context)
  File "C:\Users\octave\AppData\Roaming\Python\Python314\site-packages\django\template\base.py", line 1005, in render
    return SafeString("".join([node.render_annotated(context) for node in self]))
                               ~~~~~~~~~~~~~~~~~~~~~^^^^^^^^^
  File "C:\Users\octave\AppData\Roaming\Python\Python314\site-packages\django\template\base.py", line 966, in render_annotated
    return self.render(context)
           ~~~~~~~~~~~^^^^^^^^^
  File "C:\Users\octave\AppData\Roaming\Python\Python314\site-packages\django\template\loader_tags.py", line 63, in render
    result = block.nodelist.render(context)
  File "C:\Users\octave\AppData\Roaming\Python\Python314\site-packages\django\template\base.py", line 1005, in render
    return SafeString("".join([node.render_annotated(context) for node in self]))
                               ~~~~~~~~~~~~~~~~~~~~~^^^^^^^^^
  File "C:\Users\octave\AppData\Roaming\Python\Python314\site-packages\django\template\base.py", line 966, in render_annotated
    return self.render(context)
           ~~~~~~~~~~~^^^^^^^^^
  File "C:\Users\octave\AppData\Roaming\Python\Python314\site-packages\django\contrib\admin\templatetags\base.py", line 45, in render
    return super().render(context)
           ~~~~~~~~~~~~~~^^^^^^^^^
  File "C:\Users\octave\AppData\Roaming\Python\Python314\site-packages\django\template\library.py", line 271, in render
    new_context = context.new(_dict)
  File "C:\Users\octave\AppData\Roaming\Python\Python314\site-packages\django\template\context.py", line 265, in new
    new_context = super().new(values)
  File "C:\Users\octave\AppData\Roaming\Python\Python314\site-packages\django\template\context.py", line 110, in new
    new_context = copy(self)
  File "C:\Python314\Lib\copy.py", line 82, in copy
    return copier(x)
  File "C:\Users\octave\AppData\Roaming\Python\Python314\site-packages\django\template\context.py", line 158, in __copy__
    duplicate = super().__copy__()
  File "C:\Users\octave\AppData\Roaming\Python\Python314\site-packages\django\template\context.py", line 39, in __copy__
    duplicate.dicts = self.dicts[:]
    ^^^^^^^^^^^^^^^
AttributeError: 'super' object has no attribute 'dicts' and no __dict__ for setting new attributes
Internal Server Error: /admin/stroke_api/strokepatient/
Traceback (most recent call last):
  File "C:\Users\octave\AppData\Roaming\Python\Python314\site-packages\django\core\handlers\exception.py", line 55, in inner
    response = get_response(request)
  File "C:\Users\octave\AppData\Roaming\Python\Python314\site-packages\django\core\handlers\base.py", line 220, in _get_response
    response = response.render()
  File "C:\Users\octave\AppData\Roaming\Python\Python314\site-packages\django\template\response.py", line 114, in render
    self.content = self.rendered_content
                   ^^^^^^^^^^^^^^^^^^^^^
  File "C:\Users\octave\AppData\Roaming\Python\Python314\site-packages\django\template\response.py", line 92, in rendered_content
    return template.render(context, self._request)
           ~~~~~~~~~~~~~~~^^^^^^^^^^^^^^^^^^^^^^^^
  File "C:\Users\octave\AppData\Roaming\Python\Python314\site-packages\django\template\backends\django.py", line 61, in render
    return self.template.render(context)
           ~~~~~~~~~~~~~~~~~~~~^^^^^^^^^
  File "C:\Users\octave\AppData\Roaming\Python\Python314\site-packages\django\template\base.py", line 175, in render
    return self._render(context)
           ~~~~~~~~~~~~^^^^^^^^^
  File "C:\Users\octave\AppData\Roaming\Python\Python314\site-packages\django\template\base.py", line 167, in _render
    return self.nodelist.render(context)
           ~~~~~~~~~~~~~~~~~~~~^^^^^^^^^
  File "C:\Users\octave\AppData\Roaming\Python\Python314\site-packages\django\template\base.py", line 1005, in render
    return SafeString("".join([node.render_annotated(context) for node in self]))
                               ~~~~~~~~~~~~~~~~~~~~~^^^^^^^^^
  File "C:\Users\octave\AppData\Roaming\Python\Python314\site-packages\django\template\base.py", line 966, in render_annotated
    return self.render(context)
           ~~~~~~~~~~~^^^^^^^^^
  File "C:\Users\octave\AppData\Roaming\Python\Python314\site-packages\django\template\loader_tags.py", line 157, in render
    return compiled_parent._render(context)
           ~~~~~~~~~~~~~~~~~~~~~~~^^^^^^^^^
  File "C:\Users\octave\AppData\Roaming\Python\Python314\site-packages\django\template\base.py", line 167, in _render
    return self.nodelist.render(context)
           ~~~~~~~~~~~~~~~~~~~~^^^^^^^^^
  File "C:\Users\octave\AppData\Roaming\Python\Python314\site-packages\django\template\base.py", line 1005, in render
    return SafeString("".join([node.render_annotated(context) for node in self]))
                               ~~~~~~~~~~~~~~~~~~~~~^^^^^^^^^
  File "C:\Users\octave\AppData\Roaming\Python\Python314\site-packages\django\template\base.py", line 966, in render_annotated
    return self.render(context)
           ~~~~~~~~~~~^^^^^^^^^
  File "C:\Users\octave\AppData\Roaming\Python\Python314\site-packages\django\template\loader_tags.py", line 157, in render
    return compiled_parent._render(context)
           ~~~~~~~~~~~~~~~~~~~~~~~^^^^^^^^^
  File "C:\Users\octave\AppData\Roaming\Python\Python314\site-packages\django\template\base.py", line 167, in _render
    return self.nodelist.render(context)
           ~~~~~~~~~~~~~~~~~~~~^^^^^^^^^
  File "C:\Users\octave\AppData\Roaming\Python\Python314\site-packages\django\template\base.py", line 1005, in render
    return SafeString("".join([node.render_annotated(context) for node in self]))
                               ~~~~~~~~~~~~~~~~~~~~~^^^^^^^^^
  File "C:\Users\octave\AppData\Roaming\Python\Python314\site-packages\django\template\base.py", line 966, in render_annotated
    return self.render(context)
           ~~~~~~~~~~~^^^^^^^^^
  File "C:\Users\octave\AppData\Roaming\Python\Python314\site-packages\django\template\loader_tags.py", line 63, in render
    result = block.nodelist.render(context)
  File "C:\Users\octave\AppData\Roaming\Python\Python314\site-packages\django\template\base.py", line 1005, in render
    return SafeString("".join([node.render_annotated(context) for node in self]))
                               ~~~~~~~~~~~~~~~~~~~~~^^^^^^^^^
  File "C:\Users\octave\AppData\Roaming\Python\Python314\site-packages\django\template\base.py", line 966, in render_annotated
    return self.render(context)
           ~~~~~~~~~~~^^^^^^^^^
  File "C:\Users\octave\AppData\Roaming\Python\Python314\site-packages\django\template\loader_tags.py", line 63, in render
    result = block.nodelist.render(context)
  File "C:\Users\octave\AppData\Roaming\Python\Python314\site-packages\django\template\base.py", line 1005, in render
    return SafeString("".join([node.render_annotated(context) for node in self]))
                               ~~~~~~~~~~~~~~~~~~~~~^^^^^^^^^
  File "C:\Users\octave\AppData\Roaming\Python\Python314\site-packages\django\template\base.py", line 966, in render_annotated
    return self.render(context)
           ~~~~~~~~~~~^^^^^^^^^
  File "C:\Users\octave\AppData\Roaming\Python\Python314\site-packages\django\template\loader_tags.py", line 63, in render
    result = block.nodelist.render(context)
  File "C:\Users\octave\AppData\Roaming\Python\Python314\site-packages\django\template\base.py", line 1005, in render
    return SafeString("".join([node.render_annotated(context) for node in self]))
                               ~~~~~~~~~~~~~~~~~~~~~^^^^^^^^^
  File "C:\Users\octave\AppData\Roaming\Python\Python314\site-packages\django\template\base.py", line 966, in render_annotated
    return self.render(context)
           ~~~~~~~~~~~^^^^^^^^^
  File "C:\Users\octave\AppData\Roaming\Python\Python314\site-packages\django\contrib\admin\templatetags\base.py", line 45, in render
    return super().render(context)
           ~~~~~~~~~~~~~~^^^^^^^^^
  File "C:\Users\octave\AppData\Roaming\Python\Python314\site-packages\django\template\library.py", line 271, in render
    new_context = context.new(_dict)
  File "C:\Users\octave\AppData\Roaming\Python\Python314\site-packages\django\template\context.py", line 265, in new
    new_context = super().new(values)
  File "C:\Users\octave\AppData\Roaming\Python\Python314\site-packages\django\template\context.py", line 110, in new
    new_context = copy(self)
  File "C:\Python314\Lib\copy.py", line 82, in copy
    return copier(x)
  File "C:\Users\octave\AppData\Roaming\Python\Python314\site-packages\django\template\context.py", line 158, in __copy__
    duplicate = super().__copy__()
  File "C:\Users\octave\AppData\Roaming\Python\Python314\site-packages\django\template\context.py", line 39, in __copy__
    duplicate.dicts = self.dicts[:]
    ^^^^^^^^^^^^^^^
AttributeError: 'super' object has no attribute 'dicts' and no __dict__ for setting new attributes
Internal Server Error: /admin/stroke_api/dailypatientreport/
Traceback (most recent call last):
  File "C:\Users\octave\AppData\Roaming\Python\Python314\site-packages\django\core\handlers\exception.py", line 55, in inner
    response = get_response(request)
  File "C:\Users\octave\AppData\Roaming\Python\Python314\site-packages\django\core\handlers\base.py", line 220, in _get_response
    response = response.render()
  File "C:\Users\octave\AppData\Roaming\Python\Python314\site-packages\django\template\response.py", line 114, in render
    self.content = self.rendered_content
                   ^^^^^^^^^^^^^^^^^^^^^
  File "C:\Users\octave\AppData\Roaming\Python\Python314\site-packages\django\template\response.py", line 92, in rendered_content
    return template.render(context, self._request)
           ~~~~~~~~~~~~~~~^^^^^^^^^^^^^^^^^^^^^^^^
  File "C:\Users\octave\AppData\Roaming\Python\Python314\site-packages\django\template\backends\django.py", line 61, in render
    return self.template.render(context)
           ~~~~~~~~~~~~~~~~~~~~^^^^^^^^^
  File "C:\Users\octave\AppData\Roaming\Python\Python314\site-packages\django\template\base.py", line 175, in render
    return self._render(context)
           ~~~~~~~~~~~~^^^^^^^^^
  File "C:\Users\octave\AppData\Roaming\Python\Python314\site-packages\django\template\base.py", line 167, in _render
    return self.nodelist.render(context)
           ~~~~~~~~~~~~~~~~~~~~^^^^^^^^^
  File "C:\Users\octave\AppData\Roaming\Python\Python314\site-packages\django\template\base.py", line 1005, in render
    return SafeString("".join([node.render_annotated(context) for node in self]))
                               ~~~~~~~~~~~~~~~~~~~~~^^^^^^^^^
  File "C:\Users\octave\AppData\Roaming\Python\Python314\site-packages\django\template\base.py", line 966, in render_annotated
    return self.render(context)
           ~~~~~~~~~~~^^^^^^^^^
  File "C:\Users\octave\AppData\Roaming\Python\Python314\site-packages\django\template\loader_tags.py", line 157, in render
    return compiled_parent._render(context)
           ~~~~~~~~~~~~~~~~~~~~~~~^^^^^^^^^
  File "C:\Users\octave\AppData\Roaming\Python\Python314\site-packages\django\template\base.py", line 167, in _render
    return self.nodelist.render(context)
           ~~~~~~~~~~~~~~~~~~~~^^^^^^^^^
  File "C:\Users\octave\AppData\Roaming\Python\Python314\site-packages\django\template\base.py", line 1005, in render
    return SafeString("".join([node.render_annotated(context) for node in self]))
                               ~~~~~~~~~~~~~~~~~~~~~^^^^^^^^^
  File "C:\Users\octave\AppData\Roaming\Python\Python314\site-packages\django\template\base.py", line 966, in render_annotated
    return self.render(context)
           ~~~~~~~~~~~^^^^^^^^^
  File "C:\Users\octave\AppData\Roaming\Python\Python314\site-packages\django\template\loader_tags.py", line 157, in render
    return compiled_parent._render(context)
           ~~~~~~~~~~~~~~~~~~~~~~~^^^^^^^^^
  File "C:\Users\octave\AppData\Roaming\Python\Python314\site-packages\django\template\base.py", line 167, in _render
    return self.nodelist.render(context)
           ~~~~~~~~~~~~~~~~~~~~^^^^^^^^^
  File "C:\Users\octave\AppData\Roaming\Python\Python314\site-packages\django\template\base.py", line 1005, in render
    return SafeString("".join([node.render_annotated(context) for node in self]))
                               ~~~~~~~~~~~~~~~~~~~~~^^^^^^^^^
  File "C:\Users\octave\AppData\Roaming\Python\Python314\site-packages\django\template\base.py", line 966, in render_annotated
    return self.render(context)
           ~~~~~~~~~~~^^^^^^^^^
  File "C:\Users\octave\AppData\Roaming\Python\Python314\site-packages\django\template\loader_tags.py", line 63, in render
    result = block.nodelist.render(context)
  File "C:\Users\octave\AppData\Roaming\Python\Python314\site-packages\django\template\base.py", line 1005, in render
    return SafeString("".join([node.render_annotated(context) for node in self]))
                               ~~~~~~~~~~~~~~~~~~~~~^^^^^^^^^
  File "C:\Users\octave\AppData\Roaming\Python\Python314\site-packages\django\template\base.py", line 966, in render_annotated
    return self.render(context)
           ~~~~~~~~~~~^^^^^^^^^
  File "C:\Users\octave\AppData\Roaming\Python\Python314\site-packages\django\template\loader_tags.py", line 63, in render
    result = block.nodelist.render(context)
  File "C:\Users\octave\AppData\Roaming\Python\Python314\site-packages\django\template\base.py", line 1005, in render
    return SafeString("".join([node.render_annotated(context) for node in self]))
                               ~~~~~~~~~~~~~~~~~~~~~^^^^^^^^^
  File "C:\Users\octave\AppData\Roaming\Python\Python314\site-packages\django\template\base.py", line 966, in render_annotated
    return self.render(context)
           ~~~~~~~~~~~^^^^^^^^^
  File "C:\Users\octave\AppData\Roaming\Python\Python314\site-packages\django\template\loader_tags.py", line 63, in render
    result = block.nodelist.render(context)
  File "C:\Users\octave\AppData\Roaming\Python\Python314\site-packages\django\template\base.py", line 1005, in render
    return SafeString("".join([node.render_annotated(context) for node in self]))
                               ~~~~~~~~~~~~~~~~~~~~~^^^^^^^^^
  File "C:\Users\octave\AppData\Roaming\Python\Python314\site-packages\django\template\base.py", line 966, in render_annotated
    return self.render(context)
           ~~~~~~~~~~~^^^^^^^^^
  File "C:\Users\octave\AppData\Roaming\Python\Python314\site-packages\django\contrib\admin\templatetags\base.py", line 45, in render
    return super().render(context)
           ~~~~~~~~~~~~~~^^^^^^^^^
  File "C:\Users\octave\AppData\Roaming\Python\Python314\site-packages\django\template\library.py", line 271, in render
    new_context = context.new(_dict)
  File "C:\Users\octave\AppData\Roaming\Python\Python314\site-packages\django\template\context.py", line 265, in new
    new_context = super().new(values)
  File "C:\Users\octave\AppData\Roaming\Python\Python314\site-packages\django\template\context.py", line 110, in new
    new_context = copy(self)
  File "C:\Python314\Lib\copy.py", line 82, in copy
    return copier(x)
  File "C:\Users\octave\AppData\Roaming\Python\Python314\site-packages\django\template\context.py", line 158, in __copy__
    duplicate = super().__copy__()
  File "C:\Users\octave\AppData\Roaming\Python\Python314\site-packages\django\template\context.py", line 39, in __copy__
    duplicate.dicts = self.dicts[:]
    ^^^^^^^^^^^^^^^
AttributeError: 'super' object has no attribute 'dicts' and no __dict__ for setting new attributes
Internal Server Error: /admin/stroke_api/notification/
Traceback (most recent call last):
  File "C:\Users\octave\AppData\Roaming\Python\Python314\site-packages\django\core\handlers\exception.py", line 55, in inner
    response = get_response(request)
  File "C:\Users\octave\AppData\Roaming\Python\Python314\site-packages\django\core\handlers\base.py", line 220, in _get_response
    response = response.render()
  File "C:\Users\octave\AppData\Roaming\Python\Python314\site-packages\django\template\response.py", line 114, in render
    self.content = self.rendered_content
                   ^^^^^^^^^^^^^^^^^^^^^
  File "C:\Users\octave\AppData\Roaming\Python\Python314\site-packages\django\template\response.py", line 92, in rendered_content
    return template.render(context, self._request)
           ~~~~~~~~~~~~~~~^^^^^^^^^^^^^^^^^^^^^^^^
  File "C:\Users\octave\AppData\Roaming\Python\Python314\site-packages\django\template\backends\django.py", line 61, in render
    return self.template.render(context)
           ~~~~~~~~~~~~~~~~~~~~^^^^^^^^^
  File "C:\Users\octave\AppData\Roaming\Python\Python314\site-packages\django\template\base.py", line 175, in render
    return self._render(context)
           ~~~~~~~~~~~~^^^^^^^^^
  File "C:\Users\octave\AppData\Roaming\Python\Python314\site-packages\django\template\base.py", line 167, in _render
    return self.nodelist.render(context)
           ~~~~~~~~~~~~~~~~~~~~^^^^^^^^^
  File "C:\Users\octave\AppData\Roaming\Python\Python314\site-packages\django\template\base.py", line 1005, in render
    return SafeString("".join([node.render_annotated(context) for node in self]))
                               ~~~~~~~~~~~~~~~~~~~~~^^^^^^^^^
  File "C:\Users\octave\AppData\Roaming\Python\Python314\site-packages\django\template\base.py", line 966, in render_annotated
    return self.render(context)
           ~~~~~~~~~~~^^^^^^^^^
  File "C:\Users\octave\AppData\Roaming\Python\Python314\site-packages\django\template\loader_tags.py", line 157, in render
    return compiled_parent._render(context)
           ~~~~~~~~~~~~~~~~~~~~~~~^^^^^^^^^
  File "C:\Users\octave\AppData\Roaming\Python\Python314\site-packages\django\template\base.py", line 167, in _render
    return self.nodelist.render(context)
           ~~~~~~~~~~~~~~~~~~~~^^^^^^^^^
  File "C:\Users\octave\AppData\Roaming\Python\Python314\site-packages\django\template\base.py", line 1005, in render
    return SafeString("".join([node.render_annotated(context) for node in self]))
                               ~~~~~~~~~~~~~~~~~~~~~^^^^^^^^^
  File "C:\Users\octave\AppData\Roaming\Python\Python314\site-packages\django\template\base.py", line 966, in render_annotated
    return self.render(context)
           ~~~~~~~~~~~^^^^^^^^^
  File "C:\Users\octave\AppData\Roaming\Python\Python314\site-packages\django\template\loader_tags.py", line 157, in render
    return compiled_parent._render(context)
           ~~~~~~~~~~~~~~~~~~~~~~~^^^^^^^^^
  File "C:\Users\octave\AppData\Roaming\Python\Python314\site-packages\django\template\base.py", line 167, in _render
    return self.nodelist.render(context)
           ~~~~~~~~~~~~~~~~~~~~^^^^^^^^^
  File "C:\Users\octave\AppData\Roaming\Python\Python314\site-packages\django\template\base.py", line 1005, in render
    return SafeString("".join([node.render_annotated(context) for node in self]))
                               ~~~~~~~~~~~~~~~~~~~~~^^^^^^^^^
  File "C:\Users\octave\AppData\Roaming\Python\Python314\site-packages\django\template\base.py", line 966, in render_annotated
    return self.render(context)
           ~~~~~~~~~~~^^^^^^^^^
  File "C:\Users\octave\AppData\Roaming\Python\Python314\site-packages\django\template\loader_tags.py", line 63, in render
    result = block.nodelist.render(context)
  File "C:\Users\octave\AppData\Roaming\Python\Python314\site-packages\django\template\base.py", line 1005, in render
    return SafeString("".join([node.render_annotated(context) for node in self]))
                               ~~~~~~~~~~~~~~~~~~~~~^^^^^^^^^
  File "C:\Users\octave\AppData\Roaming\Python\Python314\site-packages\django\template\base.py", line 966, in render_annotated
    return self.render(context)
           ~~~~~~~~~~~^^^^^^^^^
  File "C:\Users\octave\AppData\Roaming\Python\Python314\site-packages\django\template\loader_tags.py", line 63, in render
    result = block.nodelist.render(context)
  File "C:\Users\octave\AppData\Roaming\Python\Python314\site-packages\django\template\base.py", line 1005, in render
    return SafeString("".join([node.render_annotated(context) for node in self]))
                               ~~~~~~~~~~~~~~~~~~~~~^^^^^^^^^
  File "C:\Users\octave\AppData\Roaming\Python\Python314\site-packages\django\template\base.py", line 966, in render_annotated
    return self.render(context)
           ~~~~~~~~~~~^^^^^^^^^
  File "C:\Users\octave\AppData\Roaming\Python\Python314\site-packages\django\template\loader_tags.py", line 63, in render
    result = block.nodelist.render(context)
  File "C:\Users\octave\AppData\Roaming\Python\Python314\site-packages\django\template\base.py", line 1005, in render
    return SafeString("".join([node.render_annotated(context) for node in self]))
                               ~~~~~~~~~~~~~~~~~~~~~^^^^^^^^^
  File "C:\Users\octave\AppData\Roaming\Python\Python314\site-packages\django\template\base.py", line 966, in render_annotated
    return self.render(context)
           ~~~~~~~~~~~^^^^^^^^^
  File "C:\Users\octave\AppData\Roaming\Python\Python314\site-packages\django\contrib\admin\templatetags\base.py", line 45, in render
    return super().render(context)
           ~~~~~~~~~~~~~~^^^^^^^^^
  File "C:\Users\octave\AppData\Roaming\Python\Python314\site-packages\django\template\library.py", line 271, in render
    new_context = context.new(_dict)
  File "C:\Users\octave\AppData\Roaming\Python\Python314\site-packages\django\template\context.py", line 265, in new
    new_context = super().new(values)
  File "C:\Users\octave\AppData\Roaming\Python\Python314\site-packages\django\template\context.py", line 110, in new
    new_context = copy(self)
  File "C:\Python314\Lib\copy.py", line 82, in copy
    return copier(x)
  File "C:\Users\octave\AppData\Roaming\Python\Python314\site-packages\django\template\context.py", line 158, in __copy__
    duplicate = super().__copy__()
  File "C:\Users\octave\AppData\Roaming\Python\Python314\site-packages\django\template\context.py", line 39, in __copy__
    duplicate.dicts = self.dicts[:]
    ^^^^^^^^^^^^^^^
AttributeError: 'super' object has no attribute 'dicts' and no __dict__ for setting new attributes
Internal Server Error: /admin/stroke_api/notification/add/
Traceback (most recent call last):
  File "C:\Users\octave\AppData\Roaming\Python\Python314\site-packages\django\core\handlers\exception.py", line 55, in inner
    response = get_response(request)
  File "C:\Users\octave\AppData\Roaming\Python\Python314\site-packages\django\core\handlers\base.py", line 220, in _get_response
    response = response.render()
  File "C:\Users\octave\AppData\Roaming\Python\Python314\site-packages\django\template\response.py", line 114, in render
    self.content = self.rendered_content
                   ^^^^^^^^^^^^^^^^^^^^^
  File "C:\Users\octave\AppData\Roaming\Python\Python314\site-packages\django\template\response.py", line 92, in rendered_content
    return template.render(context, self._request)
           ~~~~~~~~~~~~~~~^^^^^^^^^^^^^^^^^^^^^^^^
  File "C:\Users\octave\AppData\Roaming\Python\Python314\site-packages\django\template\backends\django.py", line 61, in render
    return self.template.render(context)
           ~~~~~~~~~~~~~~~~~~~~^^^^^^^^^
  File "C:\Users\octave\AppData\Roaming\Python\Python314\site-packages\django\template\base.py", line 175, in render
    return self._render(context)
           ~~~~~~~~~~~~^^^^^^^^^
  File "C:\Users\octave\AppData\Roaming\Python\Python314\site-packages\django\template\base.py", line 167, in _render
    return self.nodelist.render(context)
           ~~~~~~~~~~~~~~~~~~~~^^^^^^^^^
  File "C:\Users\octave\AppData\Roaming\Python\Python314\site-packages\django\template\base.py", line 1005, in render
    return SafeString("".join([node.render_annotated(context) for node in self]))
                               ~~~~~~~~~~~~~~~~~~~~~^^^^^^^^^
  File "C:\Users\octave\AppData\Roaming\Python\Python314\site-packages\django\template\base.py", line 966, in render_annotated
    return self.render(context)
           ~~~~~~~~~~~^^^^^^^^^
  File "C:\Users\octave\AppData\Roaming\Python\Python314\site-packages\django\template\loader_tags.py", line 157, in render
    return compiled_parent._render(context)
           ~~~~~~~~~~~~~~~~~~~~~~~^^^^^^^^^
  File "C:\Users\octave\AppData\Roaming\Python\Python314\site-packages\django\template\base.py", line 167, in _render
    return self.nodelist.render(context)
           ~~~~~~~~~~~~~~~~~~~~^^^^^^^^^
  File "C:\Users\octave\AppData\Roaming\Python\Python314\site-packages\django\template\base.py", line 1005, in render
    return SafeString("".join([node.render_annotated(context) for node in self]))
                               ~~~~~~~~~~~~~~~~~~~~~^^^^^^^^^
  File "C:\Users\octave\AppData\Roaming\Python\Python314\site-packages\django\template\base.py", line 966, in render_annotated
    return self.render(context)
           ~~~~~~~~~~~^^^^^^^^^
  File "C:\Users\octave\AppData\Roaming\Python\Python314\site-packages\django\template\loader_tags.py", line 157, in render
    return compiled_parent._render(context)
           ~~~~~~~~~~~~~~~~~~~~~~~^^^^^^^^^
  File "C:\Users\octave\AppData\Roaming\Python\Python314\site-packages\django\template\base.py", line 167, in _render
    return self.nodelist.render(context)
           ~~~~~~~~~~~~~~~~~~~~^^^^^^^^^
  File "C:\Users\octave\AppData\Roaming\Python\Python314\site-packages\django\template\base.py", line 1005, in render
    return SafeString("".join([node.render_annotated(context) for node in self]))
                               ~~~~~~~~~~~~~~~~~~~~~^^^^^^^^^
  File "C:\Users\octave\AppData\Roaming\Python\Python314\site-packages\django\template\base.py", line 966, in render_annotated
    return self.render(context)
           ~~~~~~~~~~~^^^^^^^^^
  File "C:\Users\octave\AppData\Roaming\Python\Python314\site-packages\django\template\loader_tags.py", line 63, in render
    result = block.nodelist.render(context)
  File "C:\Users\octave\AppData\Roaming\Python\Python314\site-packages\django\template\base.py", line 1005, in render
    return SafeString("".join([node.render_annotated(context) for node in self]))
                               ~~~~~~~~~~~~~~~~~~~~~^^^^^^^^^
  File "C:\Users\octave\AppData\Roaming\Python\Python314\site-packages\django\template\base.py", line 966, in render_annotated
    return self.render(context)
           ~~~~~~~~~~~^^^^^^^^^
  File "C:\Users\octave\AppData\Roaming\Python\Python314\site-packages\django\template\loader_tags.py", line 63, in render
    result = block.nodelist.render(context)
  File "C:\Users\octave\AppData\Roaming\Python\Python314\site-packages\django\template\base.py", line 1005, in render
    return SafeString("".join([node.render_annotated(context) for node in self]))
                               ~~~~~~~~~~~~~~~~~~~~~^^^^^^^^^
  File "C:\Users\octave\AppData\Roaming\Python\Python314\site-packages\django\template\base.py", line 966, in render_annotated
    return self.render(context)
           ~~~~~~~~~~~^^^^^^^^^
  File "C:\Users\octave\AppData\Roaming\Python\Python314\site-packages\django\contrib\admin\templatetags\base.py", line 45, in render
    return super().render(context)
           ~~~~~~~~~~~~~~^^^^^^^^^
  File "C:\Users\octave\AppData\Roaming\Python\Python314\site-packages\django\template\library.py", line 271, in render
    new_context = context.new(_dict)
  File "C:\Users\octave\AppData\Roaming\Python\Python314\site-packages\django\template\context.py", line 265, in new
    new_context = super().new(values)
  File "C:\Users\octave\AppData\Roaming\Python\Python314\site-packages\django\template\context.py", line 110, in new
    new_context = copy(self)
  File "C:\Python314\Lib\copy.py", line 82, in copy
    return copier(x)
  File "C:\Users\octave\AppData\Roaming\Python\Python314\site-packages\django\template\context.py", line 158, in __copy__
    duplicate = super().__copy__()
  File "C:\Users\octave\AppData\Roaming\Python\Python314\site-packages\django\template\context.py", line 39, in __copy__
    duplicate.dicts = self.dicts[:]
    ^^^^^^^^^^^^^^^
AttributeError: 'super' object has no attribute 'dicts' and no __dict__ for setting new attributes
C:\Users\octave\Desktop\STROKE-PATIENT-READMISSION-SYSTEM-\stroke_api\views.py changed, reloading.
Watching for file changes with StatReloader
C:\Users\octave\Desktop\STROKE-PATIENT-READMISSION-SYSTEM-\stroke_api\views.py changed, reloading.
Watching for file changes with StatReloader
C:\Users\octave\Desktop\STROKE-PATIENT-READMISSION-SYSTEM-\stroke_api\models.py changed, reloading.
Watching for file changes with StatReloader
Internal Server Error: /api/notifications/
Traceback (most recent call last):
  File "C:\Users\octave\AppData\Roaming\Python\Python314\site-packages\django\db\backends\utils.py", line 89, in _execute
    return self.cursor.execute(sql, params)
           ~~~~~~~~~~~~~~~~~~~^^^^^^^^^^^^^
  File "C:\Users\octave\AppData\Roaming\Python\Python314\site-packages\django\db\backends\sqlite3\base.py", line 328, in execute
    return super().execute(query, params)
           ~~~~~~~~~~~~~~~^^^^^^^^^^^^^^^
sqlite3.OperationalError: no such column: stroke_api_notification.is_archived

The above exception was the direct cause of the following exception:

Traceback (most recent call last):
  File "C:\Users\octave\AppData\Roaming\Python\Python314\site-packages\django\core\handlers\exception.py", line 55, in inner
    response = get_response(request)
  File "C:\Users\octave\AppData\Roaming\Python\Python314\site-packages\django\core\handlers\base.py", line 197, in _get_response
    response = wrapped_callback(request, *callback_args, **callback_kwargs)
  File "C:\Users\octave\AppData\Roaming\Python\Python314\site-packages\django\views\decorators\csrf.py", line 56, in wrapper_view
    return view_func(*args, **kwargs)
  File "C:\Users\octave\AppData\Roaming\Python\Python314\site-packages\django\views\generic\base.py", line 105, in view
    return self.dispatch(request, *args, **kwargs)
           ~~~~~~~~~~~~~^^^^^^^^^^^^^^^^^^^^^^^^^^
  File "C:\Users\octave\AppData\Roaming\Python\Python314\site-packages\rest_framework\views.py", line 515, in dispatch
    response = self.handle_exception(exc)
  File "C:\Users\octave\AppData\Roaming\Python\Python314\site-packages\rest_framework\views.py", line 475, in handle_exception
    self.raise_uncaught_exception(exc)
    ~~~~~~~~~~~~~~~~~~~~~~~~~~~~~^^^^^
  File "C:\Users\octave\AppData\Roaming\Python\Python314\site-packages\rest_framework\views.py", line 486, in raise_uncaught_exception
    raise exc
  File "C:\Users\octave\AppData\Roaming\Python\Python314\site-packages\rest_framework\views.py", line 512, in dispatch
    response = handler(request, *args, **kwargs)
  File "C:\Users\octave\AppData\Roaming\Python\Python314\site-packages\rest_framework\decorators.py", line 50, in handler
    return func(*args, **kwargs)
  File "C:\Users\octave\Desktop\STROKE-PATIENT-READMISSION-SYSTEM-\stroke_api\views.py", line 249, in get_notifications
    } for n in notifications]
               ^^^^^^^^^^^^^
  File "C:\Users\octave\AppData\Roaming\Python\Python314\site-packages\django\db\models\query.py", line 400, in __iter__
    self._fetch_all()
    ~~~~~~~~~~~~~~~^^
  File "C:\Users\octave\AppData\Roaming\Python\Python314\site-packages\django\db\models\query.py", line 1886, in _fetch_all
    self._result_cache = list(self._iterable_class(self))
                         ~~~~^^^^^^^^^^^^^^^^^^^^^^^^^^^^
  File "C:\Users\octave\AppData\Roaming\Python\Python314\site-packages\django\db\models\query.py", line 93, in __iter__
    results = compiler.execute_sql(
        chunked_fetch=self.chunked_fetch, chunk_size=self.chunk_size
    )
  File "C:\Users\octave\AppData\Roaming\Python\Python314\site-packages\django\db\models\sql\compiler.py", line 1562, in execute_sql
    cursor.execute(sql, params)
    ~~~~~~~~~~~~~~^^^^^^^^^^^^^
  File "C:\Users\octave\AppData\Roaming\Python\Python314\site-packages\django\db\backends\utils.py", line 102, in execute
    return super().execute(sql, params)
           ~~~~~~~~~~~~~~~^^^^^^^^^^^^^
  File "C:\Users\octave\AppData\Roaming\Python\Python314\site-packages\django\db\backends\utils.py", line 67, in execute
    return self._execute_with_wrappers(
           ~~~~~~~~~~~~~~~~~~~~~~~~~~~^
        sql, params, many=False, executor=self._execute
        ^^^^^^^^^^^^^^^^^^^^^^^^^^^^^^^^^^^^^^^^^^^^^^^
    )
    ^
  File "C:\Users\octave\AppData\Roaming\Python\Python314\site-packages\django\db\backends\utils.py", line 80, in _execute_with_wrappers
    return executor(sql, params, many, context)
  File "C:\Users\octave\AppData\Roaming\Python\Python314\site-packages\django\db\backends\utils.py", line 84, in _execute
    with self.db.wrap_database_errors:
         ^^^^^^^^^^^^^^^^^^^^^^^^^^^^
  File "C:\Users\octave\AppData\Roaming\Python\Python314\site-packages\django\db\utils.py", line 91, in __exit__
    raise dj_exc_value.with_traceback(traceback) from exc_value
  File "C:\Users\octave\AppData\Roaming\Python\Python314\site-packages\django\db\backends\utils.py", line 89, in _execute
    return self.cursor.execute(sql, params)
           ~~~~~~~~~~~~~~~~~~~^^^^^^^^^^^^^
  File "C:\Users\octave\AppData\Roaming\Python\Python314\site-packages\django\db\backends\sqlite3\base.py", line 328, in execute
    return super().execute(query, params)
           ~~~~~~~~~~~~~~~^^^^^^^^^^^^^^^
django.db.utils.OperationalError: no such column: stroke_api_notification.is_archived
Watching for file changes with StatReloader
Watching for file changes with StatReloader
Too Many Requests: /api/panic-alert/
Watching for file changes with StatReloader
C:\Users\octave\Desktop\STROKE-PATIENT-READMISSION-SYSTEM-\stroke_api\views.py changed, reloading.
Watching for file changes with StatReloader
Watching for file changes with StatReloader
Matplotlib is building the font cache; this may take a moment.
generated new fontManager
Not Found: /api/patient/1/predict-ml/
Not Found: /api/patient/1/predict-ml/
Not Found: /api/patient/1/predict-ml/
Not Found: /api/patient/1/predict-ml/
Not Found: /api/patient/1/predict-ml/
Not Found: /api/patient/1/predict-ml/
Not Found: /api/patient/1/predict-ml/
Not Found: /api/patient/1/predict-ml/
Not Found: /POST /api/patient/1/predict/
C:\Users\octave\Desktop\STROKE-PATIENT-READMISSION-SYSTEM-\stroke_api\urls.py changed, reloading.
Watching for file changes with StatReloader
Internal Server Error: /api/patient/1/predict/
Traceback (most recent call last):
  File "C:\Users\octave\AppData\Roaming\Python\Python314\site-packages\django\core\handlers\exception.py", line 55, in inner
    response = get_response(request)
  File "C:\Users\octave\AppData\Roaming\Python\Python314\site-packages\django\core\handlers\base.py", line 197, in _get_response
    response = wrapped_callback(request, *callback_args, **callback_kwargs)
  File "C:\Users\octave\AppData\Roaming\Python\Python314\site-packages\django\views\decorators\csrf.py", line 56, in wrapper_view
    return view_func(*args, **kwargs)
  File "C:\Users\octave\AppData\Roaming\Python\Python314\site-packages\django\views\generic\base.py", line 105, in view
    return self.dispatch(request, *args, **kwargs)
           ~~~~~~~~~~~~~^^^^^^^^^^^^^^^^^^^^^^^^^^
  File "C:\Users\octave\AppData\Roaming\Python\Python314\site-packages\rest_framework\views.py", line 515, in dispatch
    response = self.handle_exception(exc)
  File "C:\Users\octave\AppData\Roaming\Python\Python314\site-packages\rest_framework\views.py", line 475, in handle_exception
    self.raise_uncaught_exception(exc)
    ~~~~~~~~~~~~~~~~~~~~~~~~~~~~~^^^^^
  File "C:\Users\octave\AppData\Roaming\Python\Python314\site-packages\rest_framework\views.py", line 486, in raise_uncaught_exception
    raise exc
  File "C:\Users\octave\AppData\Roaming\Python\Python314\site-packages\rest_framework\views.py", line 512, in dispatch
    response = handler(request, *args, **kwargs)
  File "C:\Users\octave\AppData\Roaming\Python\Python314\site-packages\rest_framework\decorators.py", line 50, in handler
    return func(*args, **kwargs)
  File "C:\Users\octave\Desktop\STROKE-PATIENT-READMISSION-SYSTEM-\stroke_api\views.py", line 211, in predict_readmission_ml
    shap_data = predictor.explain(patient_data)
  File "C:\Users\octave\Desktop\STROKE-PATIENT-READMISSION-SYSTEM-\stroke_api\ml_models.py", line 86, in explain
    shap_values = explainer.shap_values(df)
  File "C:\Users\octave\AppData\Roaming\Python\Python314\site-packages\shap\explainers\_tree.py", line 611, in shap_values
    phi = self.model.original_model.predict(
        X,
    ...<3 lines>...
        validate_features=False,
    )
  File "C:\Users\octave\AppData\Roaming\Python\Python314\site-packages\xgboost\core.py", line 553, in inner_f
    return func(**kwargs)
  File "C:\Users\octave\AppData\Roaming\Python\Python314\site-packages\xgboost\core.py", line 2527, in predict
    _check_call(
    ~~~~~~~~~~~^
        _LIB.XGBoosterPredictFromDMatrix(
        ^^^^^^^^^^^^^^^^^^^^^^^^^^^^^^^^^
    ...<6 lines>...
        )
        ^
    )
    ^
  File "C:\Users\octave\AppData\Roaming\Python\Python314\site-packages\xgboost\_c_api.py", line 190, in _check_call
    raise XGBoostError(py_str(_LIB.XGBGetLastError()))
xgboost._c_api.XGBoostError: [13:25:42] C:\actions-runner\_work\xgboost\xgboost\src\c_api\c_api_utils.h:129: Check failed: std::accumulate(shape.cbegin(), shape.cend(), static_cast<bst_ulong>(1), std::multiplies<>{}) == chunksize * rows (11 vs. 16) : 
Internal Server Error: /api/patient/1/predict-ml/
Traceback (most recent call last):
  File "C:\Users\octave\AppData\Roaming\Python\Python314\site-packages\django\core\handlers\exception.py", line 55, in inner
    response = get_response(request)
  File "C:\Users\octave\AppData\Roaming\Python\Python314\site-packages\django\core\handlers\base.py", line 197, in _get_response
    response = wrapped_callback(request, *callback_args, **callback_kwargs)
  File "C:\Users\octave\AppData\Roaming\Python\Python314\site-packages\django\views\decorators\csrf.py", line 56, in wrapper_view
    return view_func(*args, **kwargs)
  File "C:\Users\octave\AppData\Roaming\Python\Python314\site-packages\django\views\generic\base.py", line 105, in view
    return self.dispatch(request, *args, **kwargs)
           ~~~~~~~~~~~~~^^^^^^^^^^^^^^^^^^^^^^^^^^
  File "C:\Users\octave\AppData\Roaming\Python\Python314\site-packages\rest_framework\views.py", line 515, in dispatch
    response = self.handle_exception(exc)
  File "C:\Users\octave\AppData\Roaming\Python\Python314\site-packages\rest_framework\views.py", line 475, in handle_exception
    self.raise_uncaught_exception(exc)
    ~~~~~~~~~~~~~~~~~~~~~~~~~~~~~^^^^^
  File "C:\Users\octave\AppData\Roaming\Python\Python314\site-packages\rest_framework\views.py", line 486, in raise_uncaught_exception
    raise exc
  File "C:\Users\octave\AppData\Roaming\Python\Python314\site-packages\rest_framework\views.py", line 512, in dispatch
    response = handler(request, *args, **kwargs)
  File "C:\Users\octave\AppData\Roaming\Python\Python314\site-packages\rest_framework\decorators.py", line 50, in handler
    return func(*args, **kwargs)
  File "C:\Users\octave\Desktop\STROKE-PATIENT-READMISSION-SYSTEM-\stroke_api\views.py", line 211, in predict_readmission_ml
    shap_data = predictor.explain(patient_data)
  File "C:\Users\octave\Desktop\STROKE-PATIENT-READMISSION-SYSTEM-\stroke_api\ml_models.py", line 86, in explain
    shap_values = explainer.shap_values(df)
  File "C:\Users\octave\AppData\Roaming\Python\Python314\site-packages\shap\explainers\_tree.py", line 611, in shap_values
    phi = self.model.original_model.predict(
        X,
    ...<3 lines>...
        validate_features=False,
    )
  File "C:\Users\octave\AppData\Roaming\Python\Python314\site-packages\xgboost\core.py", line 553, in inner_f
    return func(**kwargs)
  File "C:\Users\octave\AppData\Roaming\Python\Python314\site-packages\xgboost\core.py", line 2527, in predict
    _check_call(
    ~~~~~~~~~~~^
        _LIB.XGBoosterPredictFromDMatrix(
        ^^^^^^^^^^^^^^^^^^^^^^^^^^^^^^^^^
    ...<6 lines>...
        )
        ^
    )
    ^
  File "C:\Users\octave\AppData\Roaming\Python\Python314\site-packages\xgboost\_c_api.py", line 190, in _check_call
    raise XGBoostError(py_str(_LIB.XGBGetLastError()))
xgboost._c_api.XGBoostError: [13:28:54] C:\actions-runner\_work\xgboost\xgboost\src\c_api\c_api_utils.h:129: Check failed: std::accumulate(shape.cbegin(), shape.cend(), static_cast<bst_ulong>(1), std::multiplies<>{}) == chunksize * rows (11 vs. 16) : 
Internal Server Error: /api/patient/1/predict-ml/
Traceback (most recent call last):
  File "C:\Users\octave\AppData\Roaming\Python\Python314\site-packages\django\core\handlers\exception.py", line 55, in inner
    response = get_response(request)
  File "C:\Users\octave\AppData\Roaming\Python\Python314\site-packages\django\core\handlers\base.py", line 197, in _get_response
    response = wrapped_callback(request, *callback_args, **callback_kwargs)
  File "C:\Users\octave\AppData\Roaming\Python\Python314\site-packages\django\views\decorators\csrf.py", line 56, in wrapper_view
    return view_func(*args, **kwargs)
  File "C:\Users\octave\AppData\Roaming\Python\Python314\site-packages\django\views\generic\base.py", line 105, in view
    return self.dispatch(request, *args, **kwargs)
           ~~~~~~~~~~~~~^^^^^^^^^^^^^^^^^^^^^^^^^^
  File "C:\Users\octave\AppData\Roaming\Python\Python314\site-packages\rest_framework\views.py", line 515, in dispatch
    response = self.handle_exception(exc)
  File "C:\Users\octave\AppData\Roaming\Python\Python314\site-packages\rest_framework\views.py", line 475, in handle_exception
    self.raise_uncaught_exception(exc)
    ~~~~~~~~~~~~~~~~~~~~~~~~~~~~~^^^^^
  File "C:\Users\octave\AppData\Roaming\Python\Python314\site-packages\rest_framework\views.py", line 486, in raise_uncaught_exception
    raise exc
  File "C:\Users\octave\AppData\Roaming\Python\Python314\site-packages\rest_framework\views.py", line 512, in dispatch
    response = handler(request, *args, **kwargs)
  File "C:\Users\octave\AppData\Roaming\Python\Python314\site-packages\rest_framework\decorators.py", line 50, in handler
    return func(*args, **kwargs)
  File "C:\Users\octave\Desktop\STROKE-PATIENT-READMISSION-SYSTEM-\stroke_api\views.py", line 211, in predict_readmission_ml
    shap_data = predictor.explain(patient_data)
  File "C:\Users\octave\Desktop\STROKE-PATIENT-READMISSION-SYSTEM-\stroke_api\ml_models.py", line 86, in explain
    shap_values = explainer.shap_values(df)
  File "C:\Users\octave\AppData\Roaming\Python\Python314\site-packages\shap\explainers\_tree.py", line 611, in shap_values
    phi = self.model.original_model.predict(
        X,
    ...<3 lines>...
        validate_features=False,
    )
  File "C:\Users\octave\AppData\Roaming\Python\Python314\site-packages\xgboost\core.py", line 553, in inner_f
    return func(**kwargs)
  File "C:\Users\octave\AppData\Roaming\Python\Python314\site-packages\xgboost\core.py", line 2527, in predict
    _check_call(
    ~~~~~~~~~~~^
        _LIB.XGBoosterPredictFromDMatrix(
        ^^^^^^^^^^^^^^^^^^^^^^^^^^^^^^^^^
    ...<6 lines>...
        )
        ^
    )
    ^
  File "C:\Users\octave\AppData\Roaming\Python\Python314\site-packages\xgboost\_c_api.py", line 190, in _check_call
    raise XGBoostError(py_str(_LIB.XGBGetLastError()))
xgboost._c_api.XGBoostError: [13:28:54] C:\actions-runner\_work\xgboost\xgboost\src\c_api\c_api_utils.h:129: Check failed: std::accumulate(shape.cbegin(), shape.cend(), static_cast<bst_ulong>(1), std::multiplies<>{}) == chunksize * rows (11 vs. 16) : 
Internal Server Error: /api/patient/1/predict-ml/
Traceback (most recent call last):
  File "C:\Users\octave\AppData\Roaming\Python\Python314\site-packages\django\core\handlers\exception.py", line 55, in inner
    response = get_response(request)
  File "C:\Users\octave\AppData\Roaming\Python\Python314\site-packages\django\core\handlers\base.py", line 197, in _get_response
    response = wrapped_callback(request, *callback_args, **callback_kwargs)
  File "C:\Users\octave\AppData\Roaming\Python\Python314\site-packages\django\views\decorators\csrf.py", line 56, in wrapper_view
    return view_func(*args, **kwargs)
  File "C:\Users\octave\AppData\Roaming\Python\Python314\site-packages\django\views\generic\base.py", line 105, in view
    return self.dispatch(request, *args, **kwargs)
           ~~~~~~~~~~~~~^^^^^^^^^^^^^^^^^^^^^^^^^^
  File "C:\Users\octave\AppData\Roaming\Python\Python314\site-packages\rest_framework\views.py", line 515, in dispatch
    response = self.handle_exception(exc)
  File "C:\Users\octave\AppData\Roaming\Python\Python314\site-packages\rest_framework\views.py", line 475, in handle_exception
    self.raise_uncaught_exception(exc)
    ~~~~~~~~~~~~~~~~~~~~~~~~~~~~~^^^^^
  File "C:\Users\octave\AppData\Roaming\Python\Python314\site-packages\rest_framework\views.py", line 486, in raise_uncaught_exception
    raise exc
  File "C:\Users\octave\AppData\Roaming\Python\Python314\site-packages\rest_framework\views.py", line 512, in dispatch
    response = handler(request, *args, **kwargs)
  File "C:\Users\octave\AppData\Roaming\Python\Python314\site-packages\rest_framework\decorators.py", line 50, in handler
    return func(*args, **kwargs)
  File "C:\Users\octave\Desktop\STROKE-PATIENT-READMISSION-SYSTEM-\stroke_api\views.py", line 211, in predict_readmission_ml
    shap_data = predictor.explain(patient_data)
  File "C:\Users\octave\Desktop\STROKE-PATIENT-READMISSION-SYSTEM-\stroke_api\ml_models.py", line 86, in explain
    shap_values = explainer.shap_values(df)
  File "C:\Users\octave\AppData\Roaming\Python\Python314\site-packages\shap\explainers\_tree.py", line 611, in shap_values
    phi = self.model.original_model.predict(
        X,
    ...<3 lines>...
        validate_features=False,
    )
  File "C:\Users\octave\AppData\Roaming\Python\Python314\site-packages\xgboost\core.py", line 553, in inner_f
    return func(**kwargs)
  File "C:\Users\octave\AppData\Roaming\Python\Python314\site-packages\xgboost\core.py", line 2527, in predict
    _check_call(
    ~~~~~~~~~~~^
        _LIB.XGBoosterPredictFromDMatrix(
        ^^^^^^^^^^^^^^^^^^^^^^^^^^^^^^^^^
    ...<6 lines>...
        )
        ^
    )
    ^
  File "C:\Users\octave\AppData\Roaming\Python\Python314\site-packages\xgboost\_c_api.py", line 190, in _check_call
    raise XGBoostError(py_str(_LIB.XGBGetLastError()))
xgboost._c_api.XGBoostError: [13:29:15] C:\actions-runner\_work\xgboost\xgboost\src\c_api\c_api_utils.h:129: Check failed: std::accumulate(shape.cbegin(), shape.cend(), static_cast<bst_ulong>(1), std::multiplies<>{}) == chunksize * rows (11 vs. 16) : 
Internal Server Error: /api/patient/1/predict-ml/
Traceback (most recent call last):
  File "C:\Users\octave\AppData\Roaming\Python\Python314\site-packages\django\core\handlers\exception.py", line 55, in inner
    response = get_response(request)
  File "C:\Users\octave\AppData\Roaming\Python\Python314\site-packages\django\core\handlers\base.py", line 197, in _get_response
    response = wrapped_callback(request, *callback_args, **callback_kwargs)
  File "C:\Users\octave\AppData\Roaming\Python\Python314\site-packages\django\views\decorators\csrf.py", line 56, in wrapper_view
    return view_func(*args, **kwargs)
  File "C:\Users\octave\AppData\Roaming\Python\Python314\site-packages\django\views\generic\base.py", line 105, in view
    return self.dispatch(request, *args, **kwargs)
           ~~~~~~~~~~~~~^^^^^^^^^^^^^^^^^^^^^^^^^^
  File "C:\Users\octave\AppData\Roaming\Python\Python314\site-packages\rest_framework\views.py", line 515, in dispatch
    response = self.handle_exception(exc)
  File "C:\Users\octave\AppData\Roaming\Python\Python314\site-packages\rest_framework\views.py", line 475, in handle_exception
    self.raise_uncaught_exception(exc)
    ~~~~~~~~~~~~~~~~~~~~~~~~~~~~~^^^^^
  File "C:\Users\octave\AppData\Roaming\Python\Python314\site-packages\rest_framework\views.py", line 486, in raise_uncaught_exception
    raise exc
  File "C:\Users\octave\AppData\Roaming\Python\Python314\site-packages\rest_framework\views.py", line 512, in dispatch
    response = handler(request, *args, **kwargs)
  File "C:\Users\octave\AppData\Roaming\Python\Python314\site-packages\rest_framework\decorators.py", line 50, in handler
    return func(*args, **kwargs)
  File "C:\Users\octave\Desktop\STROKE-PATIENT-READMISSION-SYSTEM-\stroke_api\views.py", line 211, in predict_readmission_ml
    shap_data = predictor.explain(patient_data)
  File "C:\Users\octave\Desktop\STROKE-PATIENT-READMISSION-SYSTEM-\stroke_api\ml_models.py", line 86, in explain
    shap_values = explainer.shap_values(df)
  File "C:\Users\octave\AppData\Roaming\Python\Python314\site-packages\shap\explainers\_tree.py", line 611, in shap_values
    phi = self.model.original_model.predict(
        X,
    ...<3 lines>...
        validate_features=False,
    )
  File "C:\Users\octave\AppData\Roaming\Python\Python314\site-packages\xgboost\core.py", line 553, in inner_f
    return func(**kwargs)
  File "C:\Users\octave\AppData\Roaming\Python\Python314\site-packages\xgboost\core.py", line 2527, in predict
    _check_call(
    ~~~~~~~~~~~^
        _LIB.XGBoosterPredictFromDMatrix(
        ^^^^^^^^^^^^^^^^^^^^^^^^^^^^^^^^^
    ...<6 lines>...
        )
        ^
    )
    ^
  File "C:\Users\octave\AppData\Roaming\Python\Python314\site-packages\xgboost\_c_api.py", line 190, in _check_call
    raise XGBoostError(py_str(_LIB.XGBGetLastError()))
xgboost._c_api.XGBoostError: [13:29:15] C:\actions-runner\_work\xgboost\xgboost\src\c_api\c_api_utils.h:129: Check failed: std::accumulate(shape.cbegin(), shape.cend(), static_cast<bst_ulong>(1), std::multiplies<>{}) == chunksize * rows (11 vs. 16) : 
C:\Users\octave\Desktop\STROKE-PATIENT-READMISSION-SYSTEM-\stroke_api\views.py changed, reloading.
Watching for file changes with StatReloader
C:\Users\octave\Desktop\STROKE-PATIENT-READMISSION-SYSTEM-\stroke_api\views.py changed, reloading.
Watching for file changes with StatReloader
C:\Users\octave\Desktop\STROKE-PATIENT-READMISSION-SYSTEM-\stroke_api\views.py changed, reloading.
Watching for file changes with StatReloader
C:\Users\octave\Desktop\STROKE-PATIENT-READMISSION-SYSTEM-\stroke_api\views.py changed, reloading.
Watching for file changes with StatReloader
C:\Users\octave\Desktop\STROKE-PATIENT-READMISSION-SYSTEM-\stroke_api\views.py changed, reloading.
Watching for file changes with StatReloader
Internal Server Error: /api/patient/1/predict-ml/
Traceback (most recent call last):
  File "C:\Users\octave\AppData\Roaming\Python\Python314\site-packages\django\core\handlers\exception.py", line 55, in inner
    response = get_response(request)
  File "C:\Users\octave\AppData\Roaming\Python\Python314\site-packages\django\core\handlers\base.py", line 197, in _get_response
    response = wrapped_callback(request, *callback_args, **callback_kwargs)
  File "C:\Users\octave\AppData\Roaming\Python\Python314\site-packages\django\views\decorators\csrf.py", line 56, in wrapper_view
    return view_func(*args, **kwargs)
  File "C:\Users\octave\AppData\Roaming\Python\Python314\site-packages\django\views\generic\base.py", line 105, in view
    return self.dispatch(request, *args, **kwargs)
           ~~~~~~~~~~~~~^^^^^^^^^^^^^^^^^^^^^^^^^^
  File "C:\Users\octave\AppData\Roaming\Python\Python314\site-packages\rest_framework\views.py", line 515, in dispatch
    response = self.handle_exception(exc)
  File "C:\Users\octave\AppData\Roaming\Python\Python314\site-packages\rest_framework\views.py", line 475, in handle_exception
    self.raise_uncaught_exception(exc)
    ~~~~~~~~~~~~~~~~~~~~~~~~~~~~~^^^^^
  File "C:\Users\octave\AppData\Roaming\Python\Python314\site-packages\rest_framework\views.py", line 486, in raise_uncaught_exception
    raise exc
  File "C:\Users\octave\AppData\Roaming\Python\Python314\site-packages\rest_framework\views.py", line 512, in dispatch
    response = handler(request, *args, **kwargs)
  File "C:\Users\octave\AppData\Roaming\Python\Python314\site-packages\rest_framework\decorators.py", line 50, in handler
    return func(*args, **kwargs)
  File "C:\Users\octave\Desktop\STROKE-PATIENT-READMISSION-SYSTEM-\stroke_api\views.py", line 186, in predict_readmission_ml
    ml_result = predictor.predict(patient_data)
                ^^^^^^^^^^^^^^^^^
AttributeError: 'StrokeReadmissionPredictor' object has no attribute 'predict'
Internal Server Error: /api/patient/1/predict-ml/
Traceback (most recent call last):
  File "C:\Users\octave\AppData\Roaming\Python\Python314\site-packages\django\core\handlers\exception.py", line 55, in inner
    response = get_response(request)
  File "C:\Users\octave\AppData\Roaming\Python\Python314\site-packages\django\core\handlers\base.py", line 197, in _get_response
    response = wrapped_callback(request, *callback_args, **callback_kwargs)
  File "C:\Users\octave\AppData\Roaming\Python\Python314\site-packages\django\views\decorators\csrf.py", line 56, in wrapper_view
    return view_func(*args, **kwargs)
  File "C:\Users\octave\AppData\Roaming\Python\Python314\site-packages\django\views\generic\base.py", line 105, in view
    return self.dispatch(request, *args, **kwargs)
           ~~~~~~~~~~~~~^^^^^^^^^^^^^^^^^^^^^^^^^^
  File "C:\Users\octave\AppData\Roaming\Python\Python314\site-packages\rest_framework\views.py", line 515, in dispatch
    response = self.handle_exception(exc)
  File "C:\Users\octave\AppData\Roaming\Python\Python314\site-packages\rest_framework\views.py", line 475, in handle_exception
    self.raise_uncaught_exception(exc)
    ~~~~~~~~~~~~~~~~~~~~~~~~~~~~~^^^^^
  File "C:\Users\octave\AppData\Roaming\Python\Python314\site-packages\rest_framework\views.py", line 486, in raise_uncaught_exception
    raise exc
  File "C:\Users\octave\AppData\Roaming\Python\Python314\site-packages\rest_framework\views.py", line 512, in dispatch
    response = handler(request, *args, **kwargs)
  File "C:\Users\octave\AppData\Roaming\Python\Python314\site-packages\rest_framework\decorators.py", line 50, in handler
    return func(*args, **kwargs)
  File "C:\Users\octave\Desktop\STROKE-PATIENT-READMISSION-SYSTEM-\stroke_api\views.py", line 186, in predict_readmission_ml
    ml_result = predictor.predict(patient_data)
                ^^^^^^^^^^^^^^^^^
AttributeError: 'StrokeReadmissionPredictor' object has no attribute 'predict'
Internal Server Error: /api/patient/1/predict/
Traceback (most recent call last):
  File "C:\Users\octave\AppData\Roaming\Python\Python314\site-packages\django\core\handlers\exception.py", line 55, in inner
    response = get_response(request)
  File "C:\Users\octave\AppData\Roaming\Python\Python314\site-packages\django\core\handlers\base.py", line 197, in _get_response
    response = wrapped_callback(request, *callback_args, **callback_kwargs)
  File "C:\Users\octave\AppData\Roaming\Python\Python314\site-packages\django\views\decorators\csrf.py", line 56, in wrapper_view
    return view_func(*args, **kwargs)
  File "C:\Users\octave\AppData\Roaming\Python\Python314\site-packages\django\views\generic\base.py", line 105, in view
    return self.dispatch(request, *args, **kwargs)
           ~~~~~~~~~~~~~^^^^^^^^^^^^^^^^^^^^^^^^^^
  File "C:\Users\octave\AppData\Roaming\Python\Python314\site-packages\rest_framework\views.py", line 515, in dispatch
    response = self.handle_exception(exc)
  File "C:\Users\octave\AppData\Roaming\Python\Python314\site-packages\rest_framework\views.py", line 475, in handle_exception
    self.raise_uncaught_exception(exc)
    ~~~~~~~~~~~~~~~~~~~~~~~~~~~~~^^^^^
  File "C:\Users\octave\AppData\Roaming\Python\Python314\site-packages\rest_framework\views.py", line 486, in raise_uncaught_exception
    raise exc
  File "C:\Users\octave\AppData\Roaming\Python\Python314\site-packages\rest_framework\views.py", line 512, in dispatch
    response = handler(request, *args, **kwargs)
  File "C:\Users\octave\AppData\Roaming\Python\Python314\site-packages\rest_framework\decorators.py", line 50, in handler
    return func(*args, **kwargs)
  File "C:\Users\octave\Desktop\STROKE-PATIENT-READMISSION-SYSTEM-\stroke_api\views.py", line 186, in predict_readmission_ml
    ml_result = predictor.predict(patient_data)
                ^^^^^^^^^^^^^^^^^
AttributeError: 'StrokeReadmissionPredictor' object has no attribute 'predict'
Internal Server Error: /api/patient/1/export-csv/
Traceback (most recent call last):
  File "C:\Users\octave\AppData\Roaming\Python\Python314\site-packages\django\core\handlers\exception.py", line 55, in inner
    response = get_response(request)
  File "C:\Users\octave\AppData\Roaming\Python\Python314\site-packages\django\core\handlers\base.py", line 197, in _get_response
    response = wrapped_callback(request, *callback_args, **callback_kwargs)
  File "C:\Users\octave\AppData\Roaming\Python\Python314\site-packages\django\views\decorators\csrf.py", line 56, in wrapper_view
    return view_func(*args, **kwargs)
  File "C:\Users\octave\AppData\Roaming\Python\Python314\site-packages\django\views\generic\base.py", line 105, in view
    return self.dispatch(request, *args, **kwargs)
           ~~~~~~~~~~~~~^^^^^^^^^^^^^^^^^^^^^^^^^^
  File "C:\Users\octave\AppData\Roaming\Python\Python314\site-packages\rest_framework\views.py", line 515, in dispatch
    response = self.handle_exception(exc)
  File "C:\Users\octave\AppData\Roaming\Python\Python314\site-packages\rest_framework\views.py", line 475, in handle_exception
    self.raise_uncaught_exception(exc)
    ~~~~~~~~~~~~~~~~~~~~~~~~~~~~~^^^^^
  File "C:\Users\octave\AppData\Roaming\Python\Python314\site-packages\rest_framework\views.py", line 486, in raise_uncaught_exception
    raise exc
  File "C:\Users\octave\AppData\Roaming\Python\Python314\site-packages\rest_framework\views.py", line 512, in dispatch
    response = handler(request, *args, **kwargs)
  File "C:\Users\octave\AppData\Roaming\Python\Python314\site-packages\rest_framework\decorators.py", line 50, in handler
    return func(*args, **kwargs)
  File "C:\Users\octave\Desktop\STROKE-PATIENT-READMISSION-SYSTEM-\stroke_api\views.py", line 408, in export_patient_csv
    if request.user.role == 'patient' and request.user != patient.user:
       ^^^^^^^^^^^^^^^^^
AttributeError: 'AnonymousUser' object has no attribute 'role'
Internal Server Error: /api/export/all-patients/
Traceback (most recent call last):
  File "C:\Users\octave\AppData\Roaming\Python\Python314\site-packages\django\core\handlers\exception.py", line 55, in inner
    response = get_response(request)
  File "C:\Users\octave\AppData\Roaming\Python\Python314\site-packages\django\core\handlers\base.py", line 197, in _get_response
    response = wrapped_callback(request, *callback_args, **callback_kwargs)
  File "C:\Users\octave\AppData\Roaming\Python\Python314\site-packages\django\views\decorators\csrf.py", line 56, in wrapper_view
    return view_func(*args, **kwargs)
  File "C:\Users\octave\AppData\Roaming\Python\Python314\site-packages\django\views\generic\base.py", line 105, in view
    return self.dispatch(request, *args, **kwargs)
           ~~~~~~~~~~~~~^^^^^^^^^^^^^^^^^^^^^^^^^^
  File "C:\Users\octave\AppData\Roaming\Python\Python314\site-packages\rest_framework\views.py", line 515, in dispatch
    response = self.handle_exception(exc)
  File "C:\Users\octave\AppData\Roaming\Python\Python314\site-packages\rest_framework\views.py", line 475, in handle_exception
    self.raise_uncaught_exception(exc)
    ~~~~~~~~~~~~~~~~~~~~~~~~~~~~~^^^^^
  File "C:\Users\octave\AppData\Roaming\Python\Python314\site-packages\rest_framework\views.py", line 486, in raise_uncaught_exception
    raise exc
  File "C:\Users\octave\AppData\Roaming\Python\Python314\site-packages\rest_framework\views.py", line 512, in dispatch
    response = handler(request, *args, **kwargs)
  File "C:\Users\octave\AppData\Roaming\Python\Python314\site-packages\rest_framework\decorators.py", line 50, in handler
    return func(*args, **kwargs)
  File "C:\Users\octave\Desktop\STROKE-PATIENT-READMISSION-SYSTEM-\stroke_api\views.py", line 420, in export_all_patients_csv
    if not request.user.is_staff and request.user.role != 'doctor':
                                     ^^^^^^^^^^^^^^^^^
AttributeError: 'AnonymousUser' object has no attribute 'role'
C:\Users\octave\Desktop\STROKE-PATIENT-READMISSION-SYSTEM-\stroke_api\views.py changed, reloading.
Watching for file changes with StatReloader
C:\Users\octave\Desktop\STROKE-PATIENT-READMISSION-SYSTEM-\stroke_api\ml_models.py changed, reloading.
Watching for file changes with StatReloader
Watching for file changes with StatReloader
C:\Users\octave\Desktop\STROKE-PATIENT-READMISSION-SYSTEM-\stroke_api\views.py changed, reloading.
Watching for file changes with StatReloader
Bad Request: /api/patient/1/report/
Bad Request: /api/patient/1/report/
C:\Users\octave\Desktop\STROKE-PATIENT-READMISSION-SYSTEM-\stroke_api\views.py changed, reloading.
Watching for file changes with StatReloader
C:\Users\octave\Desktop\STROKE-PATIENT-READMISSION-SYSTEM-\stroke_api\models.py changed, reloading.
Watching for file changes with StatReloader
Watching for file changes with StatReloader
Internal Server Error: /api/patient/1/reports/
Traceback (most recent call last):
  File "C:\Users\octave\AppData\Roaming\Python\Python314\site-packages\django\core\handlers\exception.py", line 55, in inner
    response = get_response(request)
  File "C:\Users\octave\AppData\Roaming\Python\Python314\site-packages\django\core\handlers\base.py", line 197, in _get_response
    response = wrapped_callback(request, *callback_args, **callback_kwargs)
  File "C:\Users\octave\AppData\Roaming\Python\Python314\site-packages\django\views\decorators\csrf.py", line 56, in wrapper_view
    return view_func(*args, **kwargs)
  File "C:\Users\octave\AppData\Roaming\Python\Python314\site-packages\django\views\generic\base.py", line 105, in view
    return self.dispatch(request, *args, **kwargs)
           ~~~~~~~~~~~~~^^^^^^^^^^^^^^^^^^^^^^^^^^
  File "C:\Users\octave\AppData\Roaming\Python\Python314\site-packages\rest_framework\views.py", line 517, in dispatch
    self.response = self.finalize_response(request, response, *args, **kwargs)
                    ~~~~~~~~~~~~~~~~~~~~~~^^^^^^^^^^^^^^^^^^^^^^^^^^^^^^^^^^^^
  File "C:\Users\octave\AppData\Roaming\Python\Python314\site-packages\rest_framework\views.py", line 429, in finalize_response
    assert isinstance(response, HttpResponseBase), (
           ~~~~~~~~~~^^^^^^^^^^^^^^^^^^^^^^^^^^^^
AssertionError: Expected a `Response`, `HttpResponse` or `StreamingHttpResponse` to be returned from the view, but received a `<class 'NoneType'>`
Internal Server Error: /api/patient/1/predict/
Traceback (most recent call last):
  File "C:\Users\octave\AppData\Roaming\Python\Python314\site-packages\django\core\handlers\exception.py", line 55, in inner
    response = get_response(request)
  File "C:\Users\octave\AppData\Roaming\Python\Python314\site-packages\django\core\handlers\base.py", line 197, in _get_response
    response = wrapped_callback(request, *callback_args, **callback_kwargs)
  File "C:\Users\octave\AppData\Roaming\Python\Python314\site-packages\django\views\decorators\csrf.py", line 56, in wrapper_view
    return view_func(*args, **kwargs)
  File "C:\Users\octave\AppData\Roaming\Python\Python314\site-packages\django\views\generic\base.py", line 105, in view
    return self.dispatch(request, *args, **kwargs)
           ~~~~~~~~~~~~~^^^^^^^^^^^^^^^^^^^^^^^^^^
  File "C:\Users\octave\AppData\Roaming\Python\Python314\site-packages\rest_framework\views.py", line 517, in dispatch
    self.response = self.finalize_response(request, response, *args, **kwargs)
                    ~~~~~~~~~~~~~~~~~~~~~~^^^^^^^^^^^^^^^^^^^^^^^^^^^^^^^^^^^^
  File "C:\Users\octave\AppData\Roaming\Python\Python314\site-packages\rest_framework\views.py", line 429, in finalize_response
    assert isinstance(response, HttpResponseBase), (
           ~~~~~~~~~~^^^^^^^^^^^^^^^^^^^^^^^^^^^^
AssertionError: Expected a `Response`, `HttpResponse` or `StreamingHttpResponse` to be returned from the view, but received a `<class 'NoneType'>`
Internal Server Error: /api/patient/1/
Traceback (most recent call last):
  File "C:\Users\octave\AppData\Roaming\Python\Python314\site-packages\django\core\handlers\exception.py", line 55, in inner
    response = get_response(request)
  File "C:\Users\octave\AppData\Roaming\Python\Python314\site-packages\django\core\handlers\base.py", line 197, in _get_response
    response = wrapped_callback(request, *callback_args, **callback_kwargs)
  File "C:\Users\octave\AppData\Roaming\Python\Python314\site-packages\django\views\decorators\csrf.py", line 56, in wrapper_view
    return view_func(*args, **kwargs)
  File "C:\Users\octave\AppData\Roaming\Python\Python314\site-packages\django\views\generic\base.py", line 105, in view
    return self.dispatch(request, *args, **kwargs)
           ~~~~~~~~~~~~~^^^^^^^^^^^^^^^^^^^^^^^^^^
  File "C:\Users\octave\AppData\Roaming\Python\Python314\site-packages\rest_framework\views.py", line 517, in dispatch
    self.response = self.finalize_response(request, response, *args, **kwargs)
                    ~~~~~~~~~~~~~~~~~~~~~~^^^^^^^^^^^^^^^^^^^^^^^^^^^^^^^^^^^^
  File "C:\Users\octave\AppData\Roaming\Python\Python314\site-packages\rest_framework\views.py", line 429, in finalize_response
    assert isinstance(response, HttpResponseBase), (
           ~~~~~~~~~~^^^^^^^^^^^^^^^^^^^^^^^^^^^^
AssertionError: Expected a `Response`, `HttpResponse` or `StreamingHttpResponse` to be returned from the view, but received a `<class 'NoneType'>`
Internal Server Error: /api/patient/1/followups/
Traceback (most recent call last):
  File "C:\Users\octave\AppData\Roaming\Python\Python314\site-packages\django\core\handlers\exception.py", line 55, in inner
    response = get_response(request)
  File "C:\Users\octave\AppData\Roaming\Python\Python314\site-packages\django\core\handlers\base.py", line 197, in _get_response
    response = wrapped_callback(request, *callback_args, **callback_kwargs)
  File "C:\Users\octave\AppData\Roaming\Python\Python314\site-packages\django\views\decorators\csrf.py", line 56, in wrapper_view
    return view_func(*args, **kwargs)
  File "C:\Users\octave\AppData\Roaming\Python\Python314\site-packages\django\views\generic\base.py", line 105, in view
    return self.dispatch(request, *args, **kwargs)
           ~~~~~~~~~~~~~^^^^^^^^^^^^^^^^^^^^^^^^^^
  File "C:\Users\octave\AppData\Roaming\Python\Python314\site-packages\rest_framework\views.py", line 515, in dispatch
    response = self.handle_exception(exc)
  File "C:\Users\octave\AppData\Roaming\Python\Python314\site-packages\rest_framework\views.py", line 475, in handle_exception
    self.raise_uncaught_exception(exc)
    ~~~~~~~~~~~~~~~~~~~~~~~~~~~~~^^^^^
  File "C:\Users\octave\AppData\Roaming\Python\Python314\site-packages\rest_framework\views.py", line 486, in raise_uncaught_exception
    raise exc
  File "C:\Users\octave\AppData\Roaming\Python\Python314\site-packages\rest_framework\views.py", line 512, in dispatch
    response = handler(request, *args, **kwargs)
  File "C:\Users\octave\AppData\Roaming\Python\Python314\site-packages\rest_framework\decorators.py", line 50, in handler
    return func(*args, **kwargs)
  File "C:\Users\octave\Desktop\STROKE-PATIENT-READMISSION-SYSTEM-\stroke_api\views.py", line 260, in get_patient_followups
    followups = FollowUp.objects.filter(patient=patient).order_by('date', 'time')
                ^^^^^^^^
NameError: name 'FollowUp' is not defined
Internal Server Error: /api/patient/1/
Traceback (most recent call last):
  File "C:\Users\octave\AppData\Roaming\Python\Python314\site-packages\django\core\handlers\exception.py", line 55, in inner
    response = get_response(request)
  File "C:\Users\octave\AppData\Roaming\Python\Python314\site-packages\django\core\handlers\base.py", line 197, in _get_response
    response = wrapped_callback(request, *callback_args, **callback_kwargs)
  File "C:\Users\octave\AppData\Roaming\Python\Python314\site-packages\django\views\decorators\csrf.py", line 56, in wrapper_view
    return view_func(*args, **kwargs)
  File "C:\Users\octave\AppData\Roaming\Python\Python314\site-packages\django\views\generic\base.py", line 105, in view
    return self.dispatch(request, *args, **kwargs)
           ~~~~~~~~~~~~~^^^^^^^^^^^^^^^^^^^^^^^^^^
  File "C:\Users\octave\AppData\Roaming\Python\Python314\site-packages\rest_framework\views.py", line 517, in dispatch
    self.response = self.finalize_response(request, response, *args, **kwargs)
                    ~~~~~~~~~~~~~~~~~~~~~~^^^^^^^^^^^^^^^^^^^^^^^^^^^^^^^^^^^^
  File "C:\Users\octave\AppData\Roaming\Python\Python314\site-packages\rest_framework\views.py", line 429, in finalize_response
    assert isinstance(response, HttpResponseBase), (
           ~~~~~~~~~~^^^^^^^^^^^^^^^^^^^^^^^^^^^^
AssertionError: Expected a `Response`, `HttpResponse` or `StreamingHttpResponse` to be returned from the view, but received a `<class 'NoneType'>`
Internal Server Error: /api/notifications/
Traceback (most recent call last):
  File "C:\Users\octave\AppData\Roaming\Python\Python314\site-packages\django\core\handlers\exception.py", line 55, in inner
    response = get_response(request)
  File "C:\Users\octave\AppData\Roaming\Python\Python314\site-packages\django\core\handlers\base.py", line 197, in _get_response
    response = wrapped_callback(request, *callback_args, **callback_kwargs)
  File "C:\Users\octave\AppData\Roaming\Python\Python314\site-packages\django\views\decorators\csrf.py", line 56, in wrapper_view
    return view_func(*args, **kwargs)
  File "C:\Users\octave\AppData\Roaming\Python\Python314\site-packages\django\views\generic\base.py", line 105, in view
    return self.dispatch(request, *args, **kwargs)
           ~~~~~~~~~~~~~^^^^^^^^^^^^^^^^^^^^^^^^^^
  File "C:\Users\octave\AppData\Roaming\Python\Python314\site-packages\rest_framework\views.py", line 517, in dispatch
    self.response = self.finalize_response(request, response, *args, **kwargs)
                    ~~~~~~~~~~~~~~~~~~~~~~^^^^^^^^^^^^^^^^^^^^^^^^^^^^^^^^^^^^
  File "C:\Users\octave\AppData\Roaming\Python\Python314\site-packages\rest_framework\views.py", line 429, in finalize_response
    assert isinstance(response, HttpResponseBase), (
           ~~~~~~~~~~^^^^^^^^^^^^^^^^^^^^^^^^^^^^
AssertionError: Expected a `Response`, `HttpResponse` or `StreamingHttpResponse` to be returned from the view, but received a `<class 'NoneType'>`
Internal Server Error: /api/patient/1/reports/
Traceback (most recent call last):
  File "C:\Users\octave\AppData\Roaming\Python\Python314\site-packages\django\core\handlers\exception.py", line 55, in inner
    response = get_response(request)
  File "C:\Users\octave\AppData\Roaming\Python\Python314\site-packages\django\core\handlers\base.py", line 197, in _get_response
    response = wrapped_callback(request, *callback_args, **callback_kwargs)
  File "C:\Users\octave\AppData\Roaming\Python\Python314\site-packages\django\views\decorators\csrf.py", line 56, in wrapper_view
    return view_func(*args, **kwargs)
  File "C:\Users\octave\AppData\Roaming\Python\Python314\site-packages\django\views\generic\base.py", line 105, in view
    return self.dispatch(request, *args, **kwargs)
           ~~~~~~~~~~~~~^^^^^^^^^^^^^^^^^^^^^^^^^^
  File "C:\Users\octave\AppData\Roaming\Python\Python314\site-packages\rest_framework\views.py", line 517, in dispatch
    self.response = self.finalize_response(request, response, *args, **kwargs)
                    ~~~~~~~~~~~~~~~~~~~~~~^^^^^^^^^^^^^^^^^^^^^^^^^^^^^^^^^^^^
  File "C:\Users\octave\AppData\Roaming\Python\Python314\site-packages\rest_framework\views.py", line 429, in finalize_response
    assert isinstance(response, HttpResponseBase), (
           ~~~~~~~~~~^^^^^^^^^^^^^^^^^^^^^^^^^^^^
AssertionError: Expected a `Response`, `HttpResponse` or `StreamingHttpResponse` to be returned from the view, but received a `<class 'NoneType'>`
Internal Server Error: /api/patient/1/
Traceback (most recent call last):
  File "C:\Users\octave\AppData\Roaming\Python\Python314\site-packages\django\core\handlers\exception.py", line 55, in inner
    response = get_response(request)
  File "C:\Users\octave\AppData\Roaming\Python\Python314\site-packages\django\core\handlers\base.py", line 197, in _get_response
    response = wrapped_callback(request, *callback_args, **callback_kwargs)
  File "C:\Users\octave\AppData\Roaming\Python\Python314\site-packages\django\views\decorators\csrf.py", line 56, in wrapper_view
    return view_func(*args, **kwargs)
  File "C:\Users\octave\AppData\Roaming\Python\Python314\site-packages\django\views\generic\base.py", line 105, in view
    return self.dispatch(request, *args, **kwargs)
           ~~~~~~~~~~~~~^^^^^^^^^^^^^^^^^^^^^^^^^^
  File "C:\Users\octave\AppData\Roaming\Python\Python314\site-packages\rest_framework\views.py", line 517, in dispatch
    self.response = self.finalize_response(request, response, *args, **kwargs)
                    ~~~~~~~~~~~~~~~~~~~~~~^^^^^^^^^^^^^^^^^^^^^^^^^^^^^^^^^^^^
  File "C:\Users\octave\AppData\Roaming\Python\Python314\site-packages\rest_framework\views.py", line 429, in finalize_response
    assert isinstance(response, HttpResponseBase), (
           ~~~~~~~~~~^^^^^^^^^^^^^^^^^^^^^^^^^^^^
AssertionError: Expected a `Response`, `HttpResponse` or `StreamingHttpResponse` to be returned from the view, but received a `<class 'NoneType'>`
Internal Server Error: /api/patient/1/reports/
Traceback (most recent call last):
  File "C:\Users\octave\AppData\Roaming\Python\Python314\site-packages\django\core\handlers\exception.py", line 55, in inner
    response = get_response(request)
  File "C:\Users\octave\AppData\Roaming\Python\Python314\site-packages\django\core\handlers\base.py", line 197, in _get_response
    response = wrapped_callback(request, *callback_args, **callback_kwargs)
  File "C:\Users\octave\AppData\Roaming\Python\Python314\site-packages\django\views\decorators\csrf.py", line 56, in wrapper_view
    return view_func(*args, **kwargs)
  File "C:\Users\octave\AppData\Roaming\Python\Python314\site-packages\django\views\generic\base.py", line 105, in view
    return self.dispatch(request, *args, **kwargs)
           ~~~~~~~~~~~~~^^^^^^^^^^^^^^^^^^^^^^^^^^
  File "C:\Users\octave\AppData\Roaming\Python\Python314\site-packages\rest_framework\views.py", line 517, in dispatch
    self.response = self.finalize_response(request, response, *args, **kwargs)
                    ~~~~~~~~~~~~~~~~~~~~~~^^^^^^^^^^^^^^^^^^^^^^^^^^^^^^^^^^^^
  File "C:\Users\octave\AppData\Roaming\Python\Python314\site-packages\rest_framework\views.py", line 429, in finalize_response
    assert isinstance(response, HttpResponseBase), (
           ~~~~~~~~~~^^^^^^^^^^^^^^^^^^^^^^^^^^^^
AssertionError: Expected a `Response`, `HttpResponse` or `StreamingHttpResponse` to be returned from the view, but received a `<class 'NoneType'>`
Internal Server Error: /api/patient/1/
Traceback (most recent call last):
  File "C:\Users\octave\AppData\Roaming\Python\Python314\site-packages\django\core\handlers\exception.py", line 55, in inner
    response = get_response(request)
  File "C:\Users\octave\AppData\Roaming\Python\Python314\site-packages\django\core\handlers\base.py", line 197, in _get_response
    response = wrapped_callback(request, *callback_args, **callback_kwargs)
  File "C:\Users\octave\AppData\Roaming\Python\Python314\site-packages\django\views\decorators\csrf.py", line 56, in wrapper_view
    return view_func(*args, **kwargs)
  File "C:\Users\octave\AppData\Roaming\Python\Python314\site-packages\django\views\generic\base.py", line 105, in view
    return self.dispatch(request, *args, **kwargs)
           ~~~~~~~~~~~~~^^^^^^^^^^^^^^^^^^^^^^^^^^
  File "C:\Users\octave\AppData\Roaming\Python\Python314\site-packages\rest_framework\views.py", line 517, in dispatch
    self.response = self.finalize_response(request, response, *args, **kwargs)
                    ~~~~~~~~~~~~~~~~~~~~~~^^^^^^^^^^^^^^^^^^^^^^^^^^^^^^^^^^^^
  File "C:\Users\octave\AppData\Roaming\Python\Python314\site-packages\rest_framework\views.py", line 429, in finalize_response
    assert isinstance(response, HttpResponseBase), (
           ~~~~~~~~~~^^^^^^^^^^^^^^^^^^^^^^^^^^^^
AssertionError: Expected a `Response`, `HttpResponse` or `StreamingHttpResponse` to be returned from the view, but received a `<class 'NoneType'>`
Internal Server Error: /api/notifications/
Traceback (most recent call last):
  File "C:\Users\octave\AppData\Roaming\Python\Python314\site-packages\django\core\handlers\exception.py", line 55, in inner
    response = get_response(request)
  File "C:\Users\octave\AppData\Roaming\Python\Python314\site-packages\django\core\handlers\base.py", line 197, in _get_response
    response = wrapped_callback(request, *callback_args, **callback_kwargs)
  File "C:\Users\octave\AppData\Roaming\Python\Python314\site-packages\django\views\decorators\csrf.py", line 56, in wrapper_view
    return view_func(*args, **kwargs)
  File "C:\Users\octave\AppData\Roaming\Python\Python314\site-packages\django\views\generic\base.py", line 105, in view
    return self.dispatch(request, *args, **kwargs)
           ~~~~~~~~~~~~~^^^^^^^^^^^^^^^^^^^^^^^^^^
  File "C:\Users\octave\AppData\Roaming\Python\Python314\site-packages\rest_framework\views.py", line 517, in dispatch
    self.response = self.finalize_response(request, response, *args, **kwargs)
                    ~~~~~~~~~~~~~~~~~~~~~~^^^^^^^^^^^^^^^^^^^^^^^^^^^^^^^^^^^^
  File "C:\Users\octave\AppData\Roaming\Python\Python314\site-packages\rest_framework\views.py", line 429, in finalize_response
    assert isinstance(response, HttpResponseBase), (
           ~~~~~~~~~~^^^^^^^^^^^^^^^^^^^^^^^^^^^^
AssertionError: Expected a `Response`, `HttpResponse` or `StreamingHttpResponse` to be returned from the view, but received a `<class 'NoneType'>`
Internal Server Error: /api/patient/1/predict/
Traceback (most recent call last):
  File "C:\Users\octave\AppData\Roaming\Python\Python314\site-packages\django\core\handlers\exception.py", line 55, in inner
    response = get_response(request)
  File "C:\Users\octave\AppData\Roaming\Python\Python314\site-packages\django\core\handlers\base.py", line 197, in _get_response
    response = wrapped_callback(request, *callback_args, **callback_kwargs)
  File "C:\Users\octave\AppData\Roaming\Python\Python314\site-packages\django\views\decorators\csrf.py", line 56, in wrapper_view
    return view_func(*args, **kwargs)
  File "C:\Users\octave\AppData\Roaming\Python\Python314\site-packages\django\views\generic\base.py", line 105, in view
    return self.dispatch(request, *args, **kwargs)
           ~~~~~~~~~~~~~^^^^^^^^^^^^^^^^^^^^^^^^^^
  File "C:\Users\octave\AppData\Roaming\Python\Python314\site-packages\rest_framework\views.py", line 517, in dispatch
    self.response = self.finalize_response(request, response, *args, **kwargs)
                    ~~~~~~~~~~~~~~~~~~~~~~^^^^^^^^^^^^^^^^^^^^^^^^^^^^^^^^^^^^
  File "C:\Users\octave\AppData\Roaming\Python\Python314\site-packages\rest_framework\views.py", line 429, in finalize_response
    assert isinstance(response, HttpResponseBase), (
           ~~~~~~~~~~^^^^^^^^^^^^^^^^^^^^^^^^^^^^
AssertionError: Expected a `Response`, `HttpResponse` or `StreamingHttpResponse` to be returned from the view, but received a `<class 'NoneType'>`
Internal Server Error: /api/patient/1/reports/
Traceback (most recent call last):
  File "C:\Users\octave\AppData\Roaming\Python\Python314\site-packages\django\core\handlers\exception.py", line 55, in inner
    response = get_response(request)
  File "C:\Users\octave\AppData\Roaming\Python\Python314\site-packages\django\core\handlers\base.py", line 197, in _get_response
    response = wrapped_callback(request, *callback_args, **callback_kwargs)
  File "C:\Users\octave\AppData\Roaming\Python\Python314\site-packages\django\views\decorators\csrf.py", line 56, in wrapper_view
    return view_func(*args, **kwargs)
  File "C:\Users\octave\AppData\Roaming\Python\Python314\site-packages\django\views\generic\base.py", line 105, in view
    return self.dispatch(request, *args, **kwargs)
           ~~~~~~~~~~~~~^^^^^^^^^^^^^^^^^^^^^^^^^^
  File "C:\Users\octave\AppData\Roaming\Python\Python314\site-packages\rest_framework\views.py", line 517, in dispatch
    self.response = self.finalize_response(request, response, *args, **kwargs)
                    ~~~~~~~~~~~~~~~~~~~~~~^^^^^^^^^^^^^^^^^^^^^^^^^^^^^^^^^^^^
  File "C:\Users\octave\AppData\Roaming\Python\Python314\site-packages\rest_framework\views.py", line 429, in finalize_response
    assert isinstance(response, HttpResponseBase), (
           ~~~~~~~~~~^^^^^^^^^^^^^^^^^^^^^^^^^^^^
AssertionError: Expected a `Response`, `HttpResponse` or `StreamingHttpResponse` to be returned from the view, but received a `<class 'NoneType'>`
Internal Server Error: /api/patient/1/followups/
Traceback (most recent call last):
  File "C:\Users\octave\AppData\Roaming\Python\Python314\site-packages\django\core\handlers\exception.py", line 55, in inner
    response = get_response(request)
  File "C:\Users\octave\AppData\Roaming\Python\Python314\site-packages\django\core\handlers\base.py", line 197, in _get_response
    response = wrapped_callback(request, *callback_args, **callback_kwargs)
  File "C:\Users\octave\AppData\Roaming\Python\Python314\site-packages\django\views\decorators\csrf.py", line 56, in wrapper_view
    return view_func(*args, **kwargs)
  File "C:\Users\octave\AppData\Roaming\Python\Python314\site-packages\django\views\generic\base.py", line 105, in view
    return self.dispatch(request, *args, **kwargs)
           ~~~~~~~~~~~~~^^^^^^^^^^^^^^^^^^^^^^^^^^
  File "C:\Users\octave\AppData\Roaming\Python\Python314\site-packages\rest_framework\views.py", line 515, in dispatch
    response = self.handle_exception(exc)
  File "C:\Users\octave\AppData\Roaming\Python\Python314\site-packages\rest_framework\views.py", line 475, in handle_exception
    self.raise_uncaught_exception(exc)
    ~~~~~~~~~~~~~~~~~~~~~~~~~~~~~^^^^^
  File "C:\Users\octave\AppData\Roaming\Python\Python314\site-packages\rest_framework\views.py", line 486, in raise_uncaught_exception
    raise exc
  File "C:\Users\octave\AppData\Roaming\Python\Python314\site-packages\rest_framework\views.py", line 512, in dispatch
    response = handler(request, *args, **kwargs)
  File "C:\Users\octave\AppData\Roaming\Python\Python314\site-packages\rest_framework\decorators.py", line 50, in handler
    return func(*args, **kwargs)
  File "C:\Users\octave\Desktop\STROKE-PATIENT-READMISSION-SYSTEM-\stroke_api\views.py", line 260, in get_patient_followups
    followups = FollowUp.objects.filter(patient=patient).order_by('date', 'time')
                ^^^^^^^^
NameError: name 'FollowUp' is not defined
Internal Server Error: /api/notifications/
Traceback (most recent call last):
  File "C:\Users\octave\AppData\Roaming\Python\Python314\site-packages\django\core\handlers\exception.py", line 55, in inner
    response = get_response(request)
  File "C:\Users\octave\AppData\Roaming\Python\Python314\site-packages\django\core\handlers\base.py", line 197, in _get_response
    response = wrapped_callback(request, *callback_args, **callback_kwargs)
  File "C:\Users\octave\AppData\Roaming\Python\Python314\site-packages\django\views\decorators\csrf.py", line 56, in wrapper_view
    return view_func(*args, **kwargs)
  File "C:\Users\octave\AppData\Roaming\Python\Python314\site-packages\django\views\generic\base.py", line 105, in view
    return self.dispatch(request, *args, **kwargs)
           ~~~~~~~~~~~~~^^^^^^^^^^^^^^^^^^^^^^^^^^
  File "C:\Users\octave\AppData\Roaming\Python\Python314\site-packages\rest_framework\views.py", line 517, in dispatch
    self.response = self.finalize_response(request, response, *args, **kwargs)
                    ~~~~~~~~~~~~~~~~~~~~~~^^^^^^^^^^^^^^^^^^^^^^^^^^^^^^^^^^^^
  File "C:\Users\octave\AppData\Roaming\Python\Python314\site-packages\rest_framework\views.py", line 429, in finalize_response
    assert isinstance(response, HttpResponseBase), (
           ~~~~~~~~~~^^^^^^^^^^^^^^^^^^^^^^^^^^^^
AssertionError: Expected a `Response`, `HttpResponse` or `StreamingHttpResponse` to be returned from the view, but received a `<class 'NoneType'>`
Internal Server Error: /api/doctor/dashboard/
Traceback (most recent call last):
  File "C:\Users\octave\AppData\Roaming\Python\Python314\site-packages\django\core\handlers\exception.py", line 55, in inner
    response = get_response(request)
  File "C:\Users\octave\AppData\Roaming\Python\Python314\site-packages\django\core\handlers\base.py", line 197, in _get_response
    response = wrapped_callback(request, *callback_args, **callback_kwargs)
  File "C:\Users\octave\AppData\Roaming\Python\Python314\site-packages\django\views\decorators\csrf.py", line 56, in wrapper_view
    return view_func(*args, **kwargs)
  File "C:\Users\octave\AppData\Roaming\Python\Python314\site-packages\django\views\generic\base.py", line 105, in view
    return self.dispatch(request, *args, **kwargs)
           ~~~~~~~~~~~~~^^^^^^^^^^^^^^^^^^^^^^^^^^
  File "C:\Users\octave\AppData\Roaming\Python\Python314\site-packages\rest_framework\views.py", line 517, in dispatch
    self.response = self.finalize_response(request, response, *args, **kwargs)
                    ~~~~~~~~~~~~~~~~~~~~~~^^^^^^^^^^^^^^^^^^^^^^^^^^^^^^^^^^^^
  File "C:\Users\octave\AppData\Roaming\Python\Python314\site-packages\rest_framework\views.py", line 429, in finalize_response
    assert isinstance(response, HttpResponseBase), (
           ~~~~~~~~~~^^^^^^^^^^^^^^^^^^^^^^^^^^^^
AssertionError: Expected a `Response`, `HttpResponse` or `StreamingHttpResponse` to be returned from the view, but received a `<class 'NoneType'>`
Internal Server Error: /api/doctor/dashboard/
Traceback (most recent call last):
  File "C:\Users\octave\AppData\Roaming\Python\Python314\site-packages\django\core\handlers\exception.py", line 55, in inner
    response = get_response(request)
  File "C:\Users\octave\AppData\Roaming\Python\Python314\site-packages\django\core\handlers\base.py", line 197, in _get_response
    response = wrapped_callback(request, *callback_args, **callback_kwargs)
  File "C:\Users\octave\AppData\Roaming\Python\Python314\site-packages\django\views\decorators\csrf.py", line 56, in wrapper_view
    return view_func(*args, **kwargs)
  File "C:\Users\octave\AppData\Roaming\Python\Python314\site-packages\django\views\generic\base.py", line 105, in view
    return self.dispatch(request, *args, **kwargs)
           ~~~~~~~~~~~~~^^^^^^^^^^^^^^^^^^^^^^^^^^
  File "C:\Users\octave\AppData\Roaming\Python\Python314\site-packages\rest_framework\views.py", line 517, in dispatch
    self.response = self.finalize_response(request, response, *args, **kwargs)
                    ~~~~~~~~~~~~~~~~~~~~~~^^^^^^^^^^^^^^^^^^^^^^^^^^^^^^^^^^^^
  File "C:\Users\octave\AppData\Roaming\Python\Python314\site-packages\rest_framework\views.py", line 429, in finalize_response
    assert isinstance(response, HttpResponseBase), (
           ~~~~~~~~~~^^^^^^^^^^^^^^^^^^^^^^^^^^^^
AssertionError: Expected a `Response`, `HttpResponse` or `StreamingHttpResponse` to be returned from the view, but received a `<class 'NoneType'>`
C:\Users\octave\Desktop\STROKE-PATIENT-READMISSION-SYSTEM-\stroke_api\views.py changed, reloading.
Watching for file changes with StatReloader
Internal Server Error: /api/notifications/
Traceback (most recent call last):
  File "C:\Users\octave\AppData\Roaming\Python\Python314\site-packages\django\core\handlers\exception.py", line 55, in inner
    response = get_response(request)
  File "C:\Users\octave\AppData\Roaming\Python\Python314\site-packages\django\core\handlers\base.py", line 197, in _get_response
    response = wrapped_callback(request, *callback_args, **callback_kwargs)
  File "C:\Users\octave\AppData\Roaming\Python\Python314\site-packages\django\views\decorators\csrf.py", line 56, in wrapper_view
    return view_func(*args, **kwargs)
  File "C:\Users\octave\AppData\Roaming\Python\Python314\site-packages\django\views\generic\base.py", line 105, in view
    return self.dispatch(request, *args, **kwargs)
           ~~~~~~~~~~~~~^^^^^^^^^^^^^^^^^^^^^^^^^^
  File "C:\Users\octave\AppData\Roaming\Python\Python314\site-packages\rest_framework\views.py", line 517, in dispatch
    self.response = self.finalize_response(request, response, *args, **kwargs)
                    ~~~~~~~~~~~~~~~~~~~~~~^^^^^^^^^^^^^^^^^^^^^^^^^^^^^^^^^^^^
  File "C:\Users\octave\AppData\Roaming\Python\Python314\site-packages\rest_framework\views.py", line 429, in finalize_response
    assert isinstance(response, HttpResponseBase), (
           ~~~~~~~~~~^^^^^^^^^^^^^^^^^^^^^^^^^^^^
AssertionError: Expected a `Response`, `HttpResponse` or `StreamingHttpResponse` to be returned from the view, but received a `<class 'NoneType'>`
Internal Server Error: /api/doctor/dashboard/
Traceback (most recent call last):
  File "C:\Users\octave\AppData\Roaming\Python\Python314\site-packages\django\core\handlers\exception.py", line 55, in inner
    response = get_response(request)
  File "C:\Users\octave\AppData\Roaming\Python\Python314\site-packages\django\core\handlers\base.py", line 197, in _get_response
    response = wrapped_callback(request, *callback_args, **callback_kwargs)
  File "C:\Users\octave\AppData\Roaming\Python\Python314\site-packages\django\views\decorators\csrf.py", line 56, in wrapper_view
    return view_func(*args, **kwargs)
  File "C:\Users\octave\AppData\Roaming\Python\Python314\site-packages\django\views\generic\base.py", line 105, in view
    return self.dispatch(request, *args, **kwargs)
           ~~~~~~~~~~~~~^^^^^^^^^^^^^^^^^^^^^^^^^^
  File "C:\Users\octave\AppData\Roaming\Python\Python314\site-packages\rest_framework\views.py", line 517, in dispatch
    self.response = self.finalize_response(request, response, *args, **kwargs)
                    ~~~~~~~~~~~~~~~~~~~~~~^^^^^^^^^^^^^^^^^^^^^^^^^^^^^^^^^^^^
  File "C:\Users\octave\AppData\Roaming\Python\Python314\site-packages\rest_framework\views.py", line 429, in finalize_response
    assert isinstance(response, HttpResponseBase), (
           ~~~~~~~~~~^^^^^^^^^^^^^^^^^^^^^^^^^^^^
AssertionError: Expected a `Response`, `HttpResponse` or `StreamingHttpResponse` to be returned from the view, but received a `<class 'NoneType'>`
Internal Server Error: /api/notifications/
Traceback (most recent call last):
  File "C:\Users\octave\AppData\Roaming\Python\Python314\site-packages\django\core\handlers\exception.py", line 55, in inner
    response = get_response(request)
  File "C:\Users\octave\AppData\Roaming\Python\Python314\site-packages\django\core\handlers\base.py", line 197, in _get_response
    response = wrapped_callback(request, *callback_args, **callback_kwargs)
  File "C:\Users\octave\AppData\Roaming\Python\Python314\site-packages\django\views\decorators\csrf.py", line 56, in wrapper_view
    return view_func(*args, **kwargs)
  File "C:\Users\octave\AppData\Roaming\Python\Python314\site-packages\django\views\generic\base.py", line 105, in view
    return self.dispatch(request, *args, **kwargs)
           ~~~~~~~~~~~~~^^^^^^^^^^^^^^^^^^^^^^^^^^
  File "C:\Users\octave\AppData\Roaming\Python\Python314\site-packages\rest_framework\views.py", line 517, in dispatch
    self.response = self.finalize_response(request, response, *args, **kwargs)
                    ~~~~~~~~~~~~~~~~~~~~~~^^^^^^^^^^^^^^^^^^^^^^^^^^^^^^^^^^^^
  File "C:\Users\octave\AppData\Roaming\Python\Python314\site-packages\rest_framework\views.py", line 429, in finalize_response
    assert isinstance(response, HttpResponseBase), (
           ~~~~~~~~~~^^^^^^^^^^^^^^^^^^^^^^^^^^^^
AssertionError: Expected a `Response`, `HttpResponse` or `StreamingHttpResponse` to be returned from the view, but received a `<class 'NoneType'>`
Internal Server Error: /api/notifications/
Traceback (most recent call last):
  File "C:\Users\octave\AppData\Roaming\Python\Python314\site-packages\django\core\handlers\exception.py", line 55, in inner
    response = get_response(request)
  File "C:\Users\octave\AppData\Roaming\Python\Python314\site-packages\django\core\handlers\base.py", line 197, in _get_response
    response = wrapped_callback(request, *callback_args, **callback_kwargs)
  File "C:\Users\octave\AppData\Roaming\Python\Python314\site-packages\django\views\decorators\csrf.py", line 56, in wrapper_view
    return view_func(*args, **kwargs)
  File "C:\Users\octave\AppData\Roaming\Python\Python314\site-packages\django\views\generic\base.py", line 105, in view
    return self.dispatch(request, *args, **kwargs)
           ~~~~~~~~~~~~~^^^^^^^^^^^^^^^^^^^^^^^^^^
  File "C:\Users\octave\AppData\Roaming\Python\Python314\site-packages\rest_framework\views.py", line 517, in dispatch
    self.response = self.finalize_response(request, response, *args, **kwargs)
                    ~~~~~~~~~~~~~~~~~~~~~~^^^^^^^^^^^^^^^^^^^^^^^^^^^^^^^^^^^^
  File "C:\Users\octave\AppData\Roaming\Python\Python314\site-packages\rest_framework\views.py", line 429, in finalize_response
    assert isinstance(response, HttpResponseBase), (
           ~~~~~~~~~~^^^^^^^^^^^^^^^^^^^^^^^^^^^^
AssertionError: Expected a `Response`, `HttpResponse` or `StreamingHttpResponse` to be returned from the view, but received a `<class 'NoneType'>`
Internal Server Error: /api/doctor/dashboard/
Traceback (most recent call last):
  File "C:\Users\octave\AppData\Roaming\Python\Python314\site-packages\django\core\handlers\exception.py", line 55, in inner
    response = get_response(request)
  File "C:\Users\octave\AppData\Roaming\Python\Python314\site-packages\django\core\handlers\base.py", line 197, in _get_response
    response = wrapped_callback(request, *callback_args, **callback_kwargs)
  File "C:\Users\octave\AppData\Roaming\Python\Python314\site-packages\django\views\decorators\csrf.py", line 56, in wrapper_view
    return view_func(*args, **kwargs)
  File "C:\Users\octave\AppData\Roaming\Python\Python314\site-packages\django\views\generic\base.py", line 105, in view
    return self.dispatch(request, *args, **kwargs)
           ~~~~~~~~~~~~~^^^^^^^^^^^^^^^^^^^^^^^^^^
  File "C:\Users\octave\AppData\Roaming\Python\Python314\site-packages\rest_framework\views.py", line 517, in dispatch
    self.response = self.finalize_response(request, response, *args, **kwargs)
                    ~~~~~~~~~~~~~~~~~~~~~~^^^^^^^^^^^^^^^^^^^^^^^^^^^^^^^^^^^^
  File "C:\Users\octave\AppData\Roaming\Python\Python314\site-packages\rest_framework\views.py", line 429, in finalize_response
    assert isinstance(response, HttpResponseBase), (
           ~~~~~~~~~~^^^^^^^^^^^^^^^^^^^^^^^^^^^^
AssertionError: Expected a `Response`, `HttpResponse` or `StreamingHttpResponse` to be returned from the view, but received a `<class 'NoneType'>`
Internal Server Error: /api/patient/1/predict/
Traceback (most recent call last):
  File "C:\Users\octave\AppData\Roaming\Python\Python314\site-packages\django\core\handlers\exception.py", line 55, in inner
    response = get_response(request)
  File "C:\Users\octave\AppData\Roaming\Python\Python314\site-packages\django\core\handlers\base.py", line 197, in _get_response
    response = wrapped_callback(request, *callback_args, **callback_kwargs)
  File "C:\Users\octave\AppData\Roaming\Python\Python314\site-packages\django\views\decorators\csrf.py", line 56, in wrapper_view
    return view_func(*args, **kwargs)
  File "C:\Users\octave\AppData\Roaming\Python\Python314\site-packages\django\views\generic\base.py", line 105, in view
    return self.dispatch(request, *args, **kwargs)
           ~~~~~~~~~~~~~^^^^^^^^^^^^^^^^^^^^^^^^^^
  File "C:\Users\octave\AppData\Roaming\Python\Python314\site-packages\rest_framework\views.py", line 517, in dispatch
    self.response = self.finalize_response(request, response, *args, **kwargs)
                    ~~~~~~~~~~~~~~~~~~~~~~^^^^^^^^^^^^^^^^^^^^^^^^^^^^^^^^^^^^
  File "C:\Users\octave\AppData\Roaming\Python\Python314\site-packages\rest_framework\views.py", line 429, in finalize_response
    assert isinstance(response, HttpResponseBase), (
           ~~~~~~~~~~^^^^^^^^^^^^^^^^^^^^^^^^^^^^
AssertionError: Expected a `Response`, `HttpResponse` or `StreamingHttpResponse` to be returned from the view, but received a `<class 'NoneType'>`
Internal Server Error: /api/patient/1/
Traceback (most recent call last):
  File "C:\Users\octave\AppData\Roaming\Python\Python314\site-packages\django\core\handlers\exception.py", line 55, in inner
    response = get_response(request)
  File "C:\Users\octave\AppData\Roaming\Python\Python314\site-packages\django\core\handlers\base.py", line 197, in _get_response
    response = wrapped_callback(request, *callback_args, **callback_kwargs)
  File "C:\Users\octave\AppData\Roaming\Python\Python314\site-packages\django\views\decorators\csrf.py", line 56, in wrapper_view
    return view_func(*args, **kwargs)
  File "C:\Users\octave\AppData\Roaming\Python\Python314\site-packages\django\views\generic\base.py", line 105, in view
    return self.dispatch(request, *args, **kwargs)
           ~~~~~~~~~~~~~^^^^^^^^^^^^^^^^^^^^^^^^^^
  File "C:\Users\octave\AppData\Roaming\Python\Python314\site-packages\rest_framework\views.py", line 517, in dispatch
    self.response = self.finalize_response(request, response, *args, **kwargs)
                    ~~~~~~~~~~~~~~~~~~~~~~^^^^^^^^^^^^^^^^^^^^^^^^^^^^^^^^^^^^
  File "C:\Users\octave\AppData\Roaming\Python\Python314\site-packages\rest_framework\views.py", line 429, in finalize_response
    assert isinstance(response, HttpResponseBase), (
           ~~~~~~~~~~^^^^^^^^^^^^^^^^^^^^^^^^^^^^
AssertionError: Expected a `Response`, `HttpResponse` or `StreamingHttpResponse` to be returned from the view, but received a `<class 'NoneType'>`
Internal Server Error: /api/patient/1/predict/
Traceback (most recent call last):
  File "C:\Users\octave\AppData\Roaming\Python\Python314\site-packages\django\core\handlers\exception.py", line 55, in inner
    response = get_response(request)
  File "C:\Users\octave\AppData\Roaming\Python\Python314\site-packages\django\core\handlers\base.py", line 197, in _get_response
    response = wrapped_callback(request, *callback_args, **callback_kwargs)
  File "C:\Users\octave\AppData\Roaming\Python\Python314\site-packages\django\views\decorators\csrf.py", line 56, in wrapper_view
    return view_func(*args, **kwargs)
  File "C:\Users\octave\AppData\Roaming\Python\Python314\site-packages\django\views\generic\base.py", line 105, in view
    return self.dispatch(request, *args, **kwargs)
           ~~~~~~~~~~~~~^^^^^^^^^^^^^^^^^^^^^^^^^^
  File "C:\Users\octave\AppData\Roaming\Python\Python314\site-packages\rest_framework\views.py", line 517, in dispatch
    self.response = self.finalize_response(request, response, *args, **kwargs)
                    ~~~~~~~~~~~~~~~~~~~~~~^^^^^^^^^^^^^^^^^^^^^^^^^^^^^^^^^^^^
  File "C:\Users\octave\AppData\Roaming\Python\Python314\site-packages\rest_framework\views.py", line 429, in finalize_response
    assert isinstance(response, HttpResponseBase), (
           ~~~~~~~~~~^^^^^^^^^^^^^^^^^^^^^^^^^^^^
AssertionError: Expected a `Response`, `HttpResponse` or `StreamingHttpResponse` to be returned from the view, but received a `<class 'NoneType'>`
Internal Server Error: /api/patient/1/reports/
Traceback (most recent call last):
  File "C:\Users\octave\AppData\Roaming\Python\Python314\site-packages\django\core\handlers\exception.py", line 55, in inner
    response = get_response(request)
  File "C:\Users\octave\AppData\Roaming\Python\Python314\site-packages\django\core\handlers\base.py", line 197, in _get_response
    response = wrapped_callback(request, *callback_args, **callback_kwargs)
  File "C:\Users\octave\AppData\Roaming\Python\Python314\site-packages\django\views\decorators\csrf.py", line 56, in wrapper_view
    return view_func(*args, **kwargs)
  File "C:\Users\octave\AppData\Roaming\Python\Python314\site-packages\django\views\generic\base.py", line 105, in view
    return self.dispatch(request, *args, **kwargs)
           ~~~~~~~~~~~~~^^^^^^^^^^^^^^^^^^^^^^^^^^
  File "C:\Users\octave\AppData\Roaming\Python\Python314\site-packages\rest_framework\views.py", line 517, in dispatch
    self.response = self.finalize_response(request, response, *args, **kwargs)
                    ~~~~~~~~~~~~~~~~~~~~~~^^^^^^^^^^^^^^^^^^^^^^^^^^^^^^^^^^^^
  File "C:\Users\octave\AppData\Roaming\Python\Python314\site-packages\rest_framework\views.py", line 429, in finalize_response
    assert isinstance(response, HttpResponseBase), (
           ~~~~~~~~~~^^^^^^^^^^^^^^^^^^^^^^^^^^^^
AssertionError: Expected a `Response`, `HttpResponse` or `StreamingHttpResponse` to be returned from the view, but received a `<class 'NoneType'>`
Internal Server Error: /api/patient/1/
Traceback (most recent call last):
  File "C:\Users\octave\AppData\Roaming\Python\Python314\site-packages\django\core\handlers\exception.py", line 55, in inner
    response = get_response(request)
  File "C:\Users\octave\AppData\Roaming\Python\Python314\site-packages\django\core\handlers\base.py", line 197, in _get_response
    response = wrapped_callback(request, *callback_args, **callback_kwargs)
  File "C:\Users\octave\AppData\Roaming\Python\Python314\site-packages\django\views\decorators\csrf.py", line 56, in wrapper_view
    return view_func(*args, **kwargs)
  File "C:\Users\octave\AppData\Roaming\Python\Python314\site-packages\django\views\generic\base.py", line 105, in view
    return self.dispatch(request, *args, **kwargs)
           ~~~~~~~~~~~~~^^^^^^^^^^^^^^^^^^^^^^^^^^
  File "C:\Users\octave\AppData\Roaming\Python\Python314\site-packages\rest_framework\views.py", line 517, in dispatch
    self.response = self.finalize_response(request, response, *args, **kwargs)
                    ~~~~~~~~~~~~~~~~~~~~~~^^^^^^^^^^^^^^^^^^^^^^^^^^^^^^^^^^^^
  File "C:\Users\octave\AppData\Roaming\Python\Python314\site-packages\rest_framework\views.py", line 429, in finalize_response
    assert isinstance(response, HttpResponseBase), (
           ~~~~~~~~~~^^^^^^^^^^^^^^^^^^^^^^^^^^^^
AssertionError: Expected a `Response`, `HttpResponse` or `StreamingHttpResponse` to be returned from the view, but received a `<class 'NoneType'>`
Internal Server Error: /api/patient/1/reports/
Traceback (most recent call last):
  File "C:\Users\octave\AppData\Roaming\Python\Python314\site-packages\django\core\handlers\exception.py", line 55, in inner
    response = get_response(request)
  File "C:\Users\octave\AppData\Roaming\Python\Python314\site-packages\django\core\handlers\base.py", line 197, in _get_response
    response = wrapped_callback(request, *callback_args, **callback_kwargs)
  File "C:\Users\octave\AppData\Roaming\Python\Python314\site-packages\django\views\decorators\csrf.py", line 56, in wrapper_view
    return view_func(*args, **kwargs)
  File "C:\Users\octave\AppData\Roaming\Python\Python314\site-packages\django\views\generic\base.py", line 105, in view
    return self.dispatch(request, *args, **kwargs)
           ~~~~~~~~~~~~~^^^^^^^^^^^^^^^^^^^^^^^^^^
  File "C:\Users\octave\AppData\Roaming\Python\Python314\site-packages\rest_framework\views.py", line 517, in dispatch
    self.response = self.finalize_response(request, response, *args, **kwargs)
                    ~~~~~~~~~~~~~~~~~~~~~~^^^^^^^^^^^^^^^^^^^^^^^^^^^^^^^^^^^^
  File "C:\Users\octave\AppData\Roaming\Python\Python314\site-packages\rest_framework\views.py", line 429, in finalize_response
    assert isinstance(response, HttpResponseBase), (
           ~~~~~~~~~~^^^^^^^^^^^^^^^^^^^^^^^^^^^^
AssertionError: Expected a `Response`, `HttpResponse` or `StreamingHttpResponse` to be returned from the view, but received a `<class 'NoneType'>`
Internal Server Error: /api/notifications/
Traceback (most recent call last):
  File "C:\Users\octave\AppData\Roaming\Python\Python314\site-packages\django\core\handlers\exception.py", line 55, in inner
    response = get_response(request)
  File "C:\Users\octave\AppData\Roaming\Python\Python314\site-packages\django\core\handlers\base.py", line 197, in _get_response
    response = wrapped_callback(request, *callback_args, **callback_kwargs)
  File "C:\Users\octave\AppData\Roaming\Python\Python314\site-packages\django\views\decorators\csrf.py", line 56, in wrapper_view
    return view_func(*args, **kwargs)
  File "C:\Users\octave\AppData\Roaming\Python\Python314\site-packages\django\views\generic\base.py", line 105, in view
    return self.dispatch(request, *args, **kwargs)
           ~~~~~~~~~~~~~^^^^^^^^^^^^^^^^^^^^^^^^^^
  File "C:\Users\octave\AppData\Roaming\Python\Python314\site-packages\rest_framework\views.py", line 517, in dispatch
    self.response = self.finalize_response(request, response, *args, **kwargs)
                    ~~~~~~~~~~~~~~~~~~~~~~^^^^^^^^^^^^^^^^^^^^^^^^^^^^^^^^^^^^
  File "C:\Users\octave\AppData\Roaming\Python\Python314\site-packages\rest_framework\views.py", line 429, in finalize_response
    assert isinstance(response, HttpResponseBase), (
           ~~~~~~~~~~^^^^^^^^^^^^^^^^^^^^^^^^^^^^
AssertionError: Expected a `Response`, `HttpResponse` or `StreamingHttpResponse` to be returned from the view, but received a `<class 'NoneType'>`
Internal Server Error: /api/patient/1/predict/
Traceback (most recent call last):
  File "C:\Users\octave\AppData\Roaming\Python\Python314\site-packages\django\core\handlers\exception.py", line 55, in inner
    response = get_response(request)
  File "C:\Users\octave\AppData\Roaming\Python\Python314\site-packages\django\core\handlers\base.py", line 197, in _get_response
    response = wrapped_callback(request, *callback_args, **callback_kwargs)
  File "C:\Users\octave\AppData\Roaming\Python\Python314\site-packages\django\views\decorators\csrf.py", line 56, in wrapper_view
    return view_func(*args, **kwargs)
  File "C:\Users\octave\AppData\Roaming\Python\Python314\site-packages\django\views\generic\base.py", line 105, in view
    return self.dispatch(request, *args, **kwargs)
           ~~~~~~~~~~~~~^^^^^^^^^^^^^^^^^^^^^^^^^^
  File "C:\Users\octave\AppData\Roaming\Python\Python314\site-packages\rest_framework\views.py", line 517, in dispatch
    self.response = self.finalize_response(request, response, *args, **kwargs)
                    ~~~~~~~~~~~~~~~~~~~~~~^^^^^^^^^^^^^^^^^^^^^^^^^^^^^^^^^^^^
  File "C:\Users\octave\AppData\Roaming\Python\Python314\site-packages\rest_framework\views.py", line 429, in finalize_response
    assert isinstance(response, HttpResponseBase), (
           ~~~~~~~~~~^^^^^^^^^^^^^^^^^^^^^^^^^^^^
AssertionError: Expected a `Response`, `HttpResponse` or `StreamingHttpResponse` to be returned from the view, but received a `<class 'NoneType'>`
Internal Server Error: /api/patient/1/predict/
Traceback (most recent call last):
  File "C:\Users\octave\AppData\Roaming\Python\Python314\site-packages\django\core\handlers\exception.py", line 55, in inner
    response = get_response(request)
  File "C:\Users\octave\AppData\Roaming\Python\Python314\site-packages\django\core\handlers\base.py", line 197, in _get_response
    response = wrapped_callback(request, *callback_args, **callback_kwargs)
  File "C:\Users\octave\AppData\Roaming\Python\Python314\site-packages\django\views\decorators\csrf.py", line 56, in wrapper_view
    return view_func(*args, **kwargs)
  File "C:\Users\octave\AppData\Roaming\Python\Python314\site-packages\django\views\generic\base.py", line 105, in view
    return self.dispatch(request, *args, **kwargs)
           ~~~~~~~~~~~~~^^^^^^^^^^^^^^^^^^^^^^^^^^
  File "C:\Users\octave\AppData\Roaming\Python\Python314\site-packages\rest_framework\views.py", line 517, in dispatch
    self.response = self.finalize_response(request, response, *args, **kwargs)
                    ~~~~~~~~~~~~~~~~~~~~~~^^^^^^^^^^^^^^^^^^^^^^^^^^^^^^^^^^^^
  File "C:\Users\octave\AppData\Roaming\Python\Python314\site-packages\rest_framework\views.py", line 429, in finalize_response
    assert isinstance(response, HttpResponseBase), (
           ~~~~~~~~~~^^^^^^^^^^^^^^^^^^^^^^^^^^^^
AssertionError: Expected a `Response`, `HttpResponse` or `StreamingHttpResponse` to be returned from the view, but received a `<class 'NoneType'>`
Internal Server Error: /api/patient/1/
Traceback (most recent call last):
  File "C:\Users\octave\AppData\Roaming\Python\Python314\site-packages\django\core\handlers\exception.py", line 55, in inner
    response = get_response(request)
  File "C:\Users\octave\AppData\Roaming\Python\Python314\site-packages\django\core\handlers\base.py", line 197, in _get_response
    response = wrapped_callback(request, *callback_args, **callback_kwargs)
  File "C:\Users\octave\AppData\Roaming\Python\Python314\site-packages\django\views\decorators\csrf.py", line 56, in wrapper_view
    return view_func(*args, **kwargs)
  File "C:\Users\octave\AppData\Roaming\Python\Python314\site-packages\django\views\generic\base.py", line 105, in view
    return self.dispatch(request, *args, **kwargs)
           ~~~~~~~~~~~~~^^^^^^^^^^^^^^^^^^^^^^^^^^
  File "C:\Users\octave\AppData\Roaming\Python\Python314\site-packages\rest_framework\views.py", line 517, in dispatch
    self.response = self.finalize_response(request, response, *args, **kwargs)
                    ~~~~~~~~~~~~~~~~~~~~~~^^^^^^^^^^^^^^^^^^^^^^^^^^^^^^^^^^^^
  File "C:\Users\octave\AppData\Roaming\Python\Python314\site-packages\rest_framework\views.py", line 429, in finalize_response
    assert isinstance(response, HttpResponseBase), (
           ~~~~~~~~~~^^^^^^^^^^^^^^^^^^^^^^^^^^^^
AssertionError: Expected a `Response`, `HttpResponse` or `StreamingHttpResponse` to be returned from the view, but received a `<class 'NoneType'>`
Internal Server Error: /api/patient/1/reports/
Traceback (most recent call last):
  File "C:\Users\octave\AppData\Roaming\Python\Python314\site-packages\django\core\handlers\exception.py", line 55, in inner
    response = get_response(request)
  File "C:\Users\octave\AppData\Roaming\Python\Python314\site-packages\django\core\handlers\base.py", line 197, in _get_response
    response = wrapped_callback(request, *callback_args, **callback_kwargs)
  File "C:\Users\octave\AppData\Roaming\Python\Python314\site-packages\django\views\decorators\csrf.py", line 56, in wrapper_view
    return view_func(*args, **kwargs)
  File "C:\Users\octave\AppData\Roaming\Python\Python314\site-packages\django\views\generic\base.py", line 105, in view
    return self.dispatch(request, *args, **kwargs)
           ~~~~~~~~~~~~~^^^^^^^^^^^^^^^^^^^^^^^^^^
  File "C:\Users\octave\AppData\Roaming\Python\Python314\site-packages\rest_framework\views.py", line 517, in dispatch
    self.response = self.finalize_response(request, response, *args, **kwargs)
                    ~~~~~~~~~~~~~~~~~~~~~~^^^^^^^^^^^^^^^^^^^^^^^^^^^^^^^^^^^^
  File "C:\Users\octave\AppData\Roaming\Python\Python314\site-packages\rest_framework\views.py", line 429, in finalize_response
    assert isinstance(response, HttpResponseBase), (
           ~~~~~~~~~~^^^^^^^^^^^^^^^^^^^^^^^^^^^^
AssertionError: Expected a `Response`, `HttpResponse` or `StreamingHttpResponse` to be returned from the view, but received a `<class 'NoneType'>`
Internal Server Error: /api/patient/1/
Traceback (most recent call last):
  File "C:\Users\octave\AppData\Roaming\Python\Python314\site-packages\django\core\handlers\exception.py", line 55, in inner
    response = get_response(request)
  File "C:\Users\octave\AppData\Roaming\Python\Python314\site-packages\django\core\handlers\base.py", line 197, in _get_response
    response = wrapped_callback(request, *callback_args, **callback_kwargs)
  File "C:\Users\octave\AppData\Roaming\Python\Python314\site-packages\django\views\decorators\csrf.py", line 56, in wrapper_view
    return view_func(*args, **kwargs)
  File "C:\Users\octave\AppData\Roaming\Python\Python314\site-packages\django\views\generic\base.py", line 105, in view
    return self.dispatch(request, *args, **kwargs)
           ~~~~~~~~~~~~~^^^^^^^^^^^^^^^^^^^^^^^^^^
  File "C:\Users\octave\AppData\Roaming\Python\Python314\site-packages\rest_framework\views.py", line 517, in dispatch
    self.response = self.finalize_response(request, response, *args, **kwargs)
                    ~~~~~~~~~~~~~~~~~~~~~~^^^^^^^^^^^^^^^^^^^^^^^^^^^^^^^^^^^^
  File "C:\Users\octave\AppData\Roaming\Python\Python314\site-packages\rest_framework\views.py", line 429, in finalize_response
    assert isinstance(response, HttpResponseBase), (
           ~~~~~~~~~~^^^^^^^^^^^^^^^^^^^^^^^^^^^^
AssertionError: Expected a `Response`, `HttpResponse` or `StreamingHttpResponse` to be returned from the view, but received a `<class 'NoneType'>`
Internal Server Error: /api/patient/1/reports/
Traceback (most recent call last):
  File "C:\Users\octave\AppData\Roaming\Python\Python314\site-packages\django\core\handlers\exception.py", line 55, in inner
    response = get_response(request)
  File "C:\Users\octave\AppData\Roaming\Python\Python314\site-packages\django\core\handlers\base.py", line 197, in _get_response
    response = wrapped_callback(request, *callback_args, **callback_kwargs)
  File "C:\Users\octave\AppData\Roaming\Python\Python314\site-packages\django\views\decorators\csrf.py", line 56, in wrapper_view
    return view_func(*args, **kwargs)
  File "C:\Users\octave\AppData\Roaming\Python\Python314\site-packages\django\views\generic\base.py", line 105, in view
    return self.dispatch(request, *args, **kwargs)
           ~~~~~~~~~~~~~^^^^^^^^^^^^^^^^^^^^^^^^^^
  File "C:\Users\octave\AppData\Roaming\Python\Python314\site-packages\rest_framework\views.py", line 517, in dispatch
    self.response = self.finalize_response(request, response, *args, **kwargs)
                    ~~~~~~~~~~~~~~~~~~~~~~^^^^^^^^^^^^^^^^^^^^^^^^^^^^^^^^^^^^
  File "C:\Users\octave\AppData\Roaming\Python\Python314\site-packages\rest_framework\views.py", line 429, in finalize_response
    assert isinstance(response, HttpResponseBase), (
           ~~~~~~~~~~^^^^^^^^^^^^^^^^^^^^^^^^^^^^
AssertionError: Expected a `Response`, `HttpResponse` or `StreamingHttpResponse` to be returned from the view, but received a `<class 'NoneType'>`
Internal Server Error: /api/notifications/
Traceback (most recent call last):
  File "C:\Users\octave\AppData\Roaming\Python\Python314\site-packages\django\core\handlers\exception.py", line 55, in inner
    response = get_response(request)
  File "C:\Users\octave\AppData\Roaming\Python\Python314\site-packages\django\core\handlers\base.py", line 197, in _get_response
    response = wrapped_callback(request, *callback_args, **callback_kwargs)
  File "C:\Users\octave\AppData\Roaming\Python\Python314\site-packages\django\views\decorators\csrf.py", line 56, in wrapper_view
    return view_func(*args, **kwargs)
  File "C:\Users\octave\AppData\Roaming\Python\Python314\site-packages\django\views\generic\base.py", line 105, in view
    return self.dispatch(request, *args, **kwargs)
           ~~~~~~~~~~~~~^^^^^^^^^^^^^^^^^^^^^^^^^^
  File "C:\Users\octave\AppData\Roaming\Python\Python314\site-packages\rest_framework\views.py", line 517, in dispatch
    self.response = self.finalize_response(request, response, *args, **kwargs)
                    ~~~~~~~~~~~~~~~~~~~~~~^^^^^^^^^^^^^^^^^^^^^^^^^^^^^^^^^^^^
  File "C:\Users\octave\AppData\Roaming\Python\Python314\site-packages\rest_framework\views.py", line 429, in finalize_response
    assert isinstance(response, HttpResponseBase), (
           ~~~~~~~~~~^^^^^^^^^^^^^^^^^^^^^^^^^^^^
AssertionError: Expected a `Response`, `HttpResponse` or `StreamingHttpResponse` to be returned from the view, but received a `<class 'NoneType'>`
Internal Server Error: /api/notifications/
Traceback (most recent call last):
  File "C:\Users\octave\AppData\Roaming\Python\Python314\site-packages\django\core\handlers\exception.py", line 55, in inner
    response = get_response(request)
  File "C:\Users\octave\AppData\Roaming\Python\Python314\site-packages\django\core\handlers\base.py", line 197, in _get_response
    response = wrapped_callback(request, *callback_args, **callback_kwargs)
  File "C:\Users\octave\AppData\Roaming\Python\Python314\site-packages\django\views\decorators\csrf.py", line 56, in wrapper_view
    return view_func(*args, **kwargs)
  File "C:\Users\octave\AppData\Roaming\Python\Python314\site-packages\django\views\generic\base.py", line 105, in view
    return self.dispatch(request, *args, **kwargs)
           ~~~~~~~~~~~~~^^^^^^^^^^^^^^^^^^^^^^^^^^
  File "C:\Users\octave\AppData\Roaming\Python\Python314\site-packages\rest_framework\views.py", line 517, in dispatch
    self.response = self.finalize_response(request, response, *args, **kwargs)
                    ~~~~~~~~~~~~~~~~~~~~~~^^^^^^^^^^^^^^^^^^^^^^^^^^^^^^^^^^^^
  File "C:\Users\octave\AppData\Roaming\Python\Python314\site-packages\rest_framework\views.py", line 429, in finalize_response
    assert isinstance(response, HttpResponseBase), (
           ~~~~~~~~~~^^^^^^^^^^^^^^^^^^^^^^^^^^^^
AssertionError: Expected a `Response`, `HttpResponse` or `StreamingHttpResponse` to be returned from the view, but received a `<class 'NoneType'>`
Internal Server Error: /api/doctor/dashboard/
Traceback (most recent call last):
  File "C:\Users\octave\AppData\Roaming\Python\Python314\site-packages\django\core\handlers\exception.py", line 55, in inner
    response = get_response(request)
  File "C:\Users\octave\AppData\Roaming\Python\Python314\site-packages\django\core\handlers\base.py", line 197, in _get_response
    response = wrapped_callback(request, *callback_args, **callback_kwargs)
  File "C:\Users\octave\AppData\Roaming\Python\Python314\site-packages\django\views\decorators\csrf.py", line 56, in wrapper_view
    return view_func(*args, **kwargs)
  File "C:\Users\octave\AppData\Roaming\Python\Python314\site-packages\django\views\generic\base.py", line 105, in view
    return self.dispatch(request, *args, **kwargs)
           ~~~~~~~~~~~~~^^^^^^^^^^^^^^^^^^^^^^^^^^
  File "C:\Users\octave\AppData\Roaming\Python\Python314\site-packages\rest_framework\views.py", line 517, in dispatch
    self.response = self.finalize_response(request, response, *args, **kwargs)
                    ~~~~~~~~~~~~~~~~~~~~~~^^^^^^^^^^^^^^^^^^^^^^^^^^^^^^^^^^^^
  File "C:\Users\octave\AppData\Roaming\Python\Python314\site-packages\rest_framework\views.py", line 429, in finalize_response
    assert isinstance(response, HttpResponseBase), (
           ~~~~~~~~~~^^^^^^^^^^^^^^^^^^^^^^^^^^^^
AssertionError: Expected a `Response`, `HttpResponse` or `StreamingHttpResponse` to be returned from the view, but received a `<class 'NoneType'>`
Internal Server Error: /api/doctor/dashboard/
Traceback (most recent call last):
  File "C:\Users\octave\AppData\Roaming\Python\Python314\site-packages\django\core\handlers\exception.py", line 55, in inner
    response = get_response(request)
  File "C:\Users\octave\AppData\Roaming\Python\Python314\site-packages\django\core\handlers\base.py", line 197, in _get_response
    response = wrapped_callback(request, *callback_args, **callback_kwargs)
  File "C:\Users\octave\AppData\Roaming\Python\Python314\site-packages\django\views\decorators\csrf.py", line 56, in wrapper_view
    return view_func(*args, **kwargs)
  File "C:\Users\octave\AppData\Roaming\Python\Python314\site-packages\django\views\generic\base.py", line 105, in view
    return self.dispatch(request, *args, **kwargs)
           ~~~~~~~~~~~~~^^^^^^^^^^^^^^^^^^^^^^^^^^
  File "C:\Users\octave\AppData\Roaming\Python\Python314\site-packages\rest_framework\views.py", line 517, in dispatch
    self.response = self.finalize_response(request, response, *args, **kwargs)
                    ~~~~~~~~~~~~~~~~~~~~~~^^^^^^^^^^^^^^^^^^^^^^^^^^^^^^^^^^^^
  File "C:\Users\octave\AppData\Roaming\Python\Python314\site-packages\rest_framework\views.py", line 429, in finalize_response
    assert isinstance(response, HttpResponseBase), (
           ~~~~~~~~~~^^^^^^^^^^^^^^^^^^^^^^^^^^^^
AssertionError: Expected a `Response`, `HttpResponse` or `StreamingHttpResponse` to be returned from the view, but received a `<class 'NoneType'>`
Internal Server Error: /api/doctor/dashboard/
Traceback (most recent call last):
  File "C:\Users\octave\AppData\Roaming\Python\Python314\site-packages\django\core\handlers\exception.py", line 55, in inner
    response = get_response(request)
  File "C:\Users\octave\AppData\Roaming\Python\Python314\site-packages\django\core\handlers\base.py", line 197, in _get_response
    response = wrapped_callback(request, *callback_args, **callback_kwargs)
  File "C:\Users\octave\AppData\Roaming\Python\Python314\site-packages\django\views\decorators\csrf.py", line 56, in wrapper_view
    return view_func(*args, **kwargs)
  File "C:\Users\octave\AppData\Roaming\Python\Python314\site-packages\django\views\generic\base.py", line 105, in view
    return self.dispatch(request, *args, **kwargs)
           ~~~~~~~~~~~~~^^^^^^^^^^^^^^^^^^^^^^^^^^
  File "C:\Users\octave\AppData\Roaming\Python\Python314\site-packages\rest_framework\views.py", line 517, in dispatch
    self.response = self.finalize_response(request, response, *args, **kwargs)
                    ~~~~~~~~~~~~~~~~~~~~~~^^^^^^^^^^^^^^^^^^^^^^^^^^^^^^^^^^^^
  File "C:\Users\octave\AppData\Roaming\Python\Python314\site-packages\rest_framework\views.py", line 429, in finalize_response
    assert isinstance(response, HttpResponseBase), (
           ~~~~~~~~~~^^^^^^^^^^^^^^^^^^^^^^^^^^^^
AssertionError: Expected a `Response`, `HttpResponse` or `StreamingHttpResponse` to be returned from the view, but received a `<class 'NoneType'>`
Internal Server Error: /api/doctor/dashboard/
Traceback (most recent call last):
  File "C:\Users\octave\AppData\Roaming\Python\Python314\site-packages\django\core\handlers\exception.py", line 55, in inner
    response = get_response(request)
  File "C:\Users\octave\AppData\Roaming\Python\Python314\site-packages\django\core\handlers\base.py", line 197, in _get_response
    response = wrapped_callback(request, *callback_args, **callback_kwargs)
  File "C:\Users\octave\AppData\Roaming\Python\Python314\site-packages\django\views\decorators\csrf.py", line 56, in wrapper_view
    return view_func(*args, **kwargs)
  File "C:\Users\octave\AppData\Roaming\Python\Python314\site-packages\django\views\generic\base.py", line 105, in view
    return self.dispatch(request, *args, **kwargs)
           ~~~~~~~~~~~~~^^^^^^^^^^^^^^^^^^^^^^^^^^
  File "C:\Users\octave\AppData\Roaming\Python\Python314\site-packages\rest_framework\views.py", line 517, in dispatch
    self.response = self.finalize_response(request, response, *args, **kwargs)
                    ~~~~~~~~~~~~~~~~~~~~~~^^^^^^^^^^^^^^^^^^^^^^^^^^^^^^^^^^^^
  File "C:\Users\octave\AppData\Roaming\Python\Python314\site-packages\rest_framework\views.py", line 429, in finalize_response
    assert isinstance(response, HttpResponseBase), (
           ~~~~~~~~~~^^^^^^^^^^^^^^^^^^^^^^^^^^^^
AssertionError: Expected a `Response`, `HttpResponse` or `StreamingHttpResponse` to be returned from the view, but received a `<class 'NoneType'>`
Internal Server Error: /api/notifications/
Traceback (most recent call last):
  File "C:\Users\octave\AppData\Roaming\Python\Python314\site-packages\django\core\handlers\exception.py", line 55, in inner
    response = get_response(request)
  File "C:\Users\octave\AppData\Roaming\Python\Python314\site-packages\django\core\handlers\base.py", line 197, in _get_response
    response = wrapped_callback(request, *callback_args, **callback_kwargs)
  File "C:\Users\octave\AppData\Roaming\Python\Python314\site-packages\django\views\decorators\csrf.py", line 56, in wrapper_view
    return view_func(*args, **kwargs)
  File "C:\Users\octave\AppData\Roaming\Python\Python314\site-packages\django\views\generic\base.py", line 105, in view
    return self.dispatch(request, *args, **kwargs)
           ~~~~~~~~~~~~~^^^^^^^^^^^^^^^^^^^^^^^^^^
  File "C:\Users\octave\AppData\Roaming\Python\Python314\site-packages\rest_framework\views.py", line 517, in dispatch
    self.response = self.finalize_response(request, response, *args, **kwargs)
                    ~~~~~~~~~~~~~~~~~~~~~~^^^^^^^^^^^^^^^^^^^^^^^^^^^^^^^^^^^^
  File "C:\Users\octave\AppData\Roaming\Python\Python314\site-packages\rest_framework\views.py", line 429, in finalize_response
    assert isinstance(response, HttpResponseBase), (
           ~~~~~~~~~~^^^^^^^^^^^^^^^^^^^^^^^^^^^^
AssertionError: Expected a `Response`, `HttpResponse` or `StreamingHttpResponse` to be returned from the view, but received a `<class 'NoneType'>`
Internal Server Error: /api/notifications/
Traceback (most recent call last):
  File "C:\Users\octave\AppData\Roaming\Python\Python314\site-packages\django\core\handlers\exception.py", line 55, in inner
    response = get_response(request)
  File "C:\Users\octave\AppData\Roaming\Python\Python314\site-packages\django\core\handlers\base.py", line 197, in _get_response
    response = wrapped_callback(request, *callback_args, **callback_kwargs)
  File "C:\Users\octave\AppData\Roaming\Python\Python314\site-packages\django\views\decorators\csrf.py", line 56, in wrapper_view
    return view_func(*args, **kwargs)
  File "C:\Users\octave\AppData\Roaming\Python\Python314\site-packages\django\views\generic\base.py", line 105, in view
    return self.dispatch(request, *args, **kwargs)
           ~~~~~~~~~~~~~^^^^^^^^^^^^^^^^^^^^^^^^^^
  File "C:\Users\octave\AppData\Roaming\Python\Python314\site-packages\rest_framework\views.py", line 517, in dispatch
    self.response = self.finalize_response(request, response, *args, **kwargs)
                    ~~~~~~~~~~~~~~~~~~~~~~^^^^^^^^^^^^^^^^^^^^^^^^^^^^^^^^^^^^
  File "C:\Users\octave\AppData\Roaming\Python\Python314\site-packages\rest_framework\views.py", line 429, in finalize_response
    assert isinstance(response, HttpResponseBase), (
           ~~~~~~~~~~^^^^^^^^^^^^^^^^^^^^^^^^^^^^
AssertionError: Expected a `Response`, `HttpResponse` or `StreamingHttpResponse` to be returned from the view, but received a `<class 'NoneType'>`
Internal Server Error: /api/notifications/
Traceback (most recent call last):
  File "C:\Users\octave\AppData\Roaming\Python\Python314\site-packages\django\core\handlers\exception.py", line 55, in inner
    response = get_response(request)
  File "C:\Users\octave\AppData\Roaming\Python\Python314\site-packages\django\core\handlers\base.py", line 197, in _get_response
    response = wrapped_callback(request, *callback_args, **callback_kwargs)
  File "C:\Users\octave\AppData\Roaming\Python\Python314\site-packages\django\views\decorators\csrf.py", line 56, in wrapper_view
    return view_func(*args, **kwargs)
  File "C:\Users\octave\AppData\Roaming\Python\Python314\site-packages\django\views\generic\base.py", line 105, in view
    return self.dispatch(request, *args, **kwargs)
           ~~~~~~~~~~~~~^^^^^^^^^^^^^^^^^^^^^^^^^^
  File "C:\Users\octave\AppData\Roaming\Python\Python314\site-packages\rest_framework\views.py", line 517, in dispatch
    self.response = self.finalize_response(request, response, *args, **kwargs)
                    ~~~~~~~~~~~~~~~~~~~~~~^^^^^^^^^^^^^^^^^^^^^^^^^^^^^^^^^^^^
  File "C:\Users\octave\AppData\Roaming\Python\Python314\site-packages\rest_framework\views.py", line 429, in finalize_response
    assert isinstance(response, HttpResponseBase), (
           ~~~~~~~~~~^^^^^^^^^^^^^^^^^^^^^^^^^^^^
AssertionError: Expected a `Response`, `HttpResponse` or `StreamingHttpResponse` to be returned from the view, but received a `<class 'NoneType'>`
Internal Server Error: /api/notifications/
Traceback (most recent call last):
  File "C:\Users\octave\AppData\Roaming\Python\Python314\site-packages\django\core\handlers\exception.py", line 55, in inner
    response = get_response(request)
  File "C:\Users\octave\AppData\Roaming\Python\Python314\site-packages\django\core\handlers\base.py", line 197, in _get_response
    response = wrapped_callback(request, *callback_args, **callback_kwargs)
  File "C:\Users\octave\AppData\Roaming\Python\Python314\site-packages\django\views\decorators\csrf.py", line 56, in wrapper_view
    return view_func(*args, **kwargs)
  File "C:\Users\octave\AppData\Roaming\Python\Python314\site-packages\django\views\generic\base.py", line 105, in view
    return self.dispatch(request, *args, **kwargs)
           ~~~~~~~~~~~~~^^^^^^^^^^^^^^^^^^^^^^^^^^
  File "C:\Users\octave\AppData\Roaming\Python\Python314\site-packages\rest_framework\views.py", line 517, in dispatch
    self.response = self.finalize_response(request, response, *args, **kwargs)
                    ~~~~~~~~~~~~~~~~~~~~~~^^^^^^^^^^^^^^^^^^^^^^^^^^^^^^^^^^^^
  File "C:\Users\octave\AppData\Roaming\Python\Python314\site-packages\rest_framework\views.py", line 429, in finalize_response
    assert isinstance(response, HttpResponseBase), (
           ~~~~~~~~~~^^^^^^^^^^^^^^^^^^^^^^^^^^^^
AssertionError: Expected a `Response`, `HttpResponse` or `StreamingHttpResponse` to be returned from the view, but received a `<class 'NoneType'>`
Internal Server Error: /api/doctor/dashboard/
Traceback (most recent call last):
  File "C:\Users\octave\AppData\Roaming\Python\Python314\site-packages\django\core\handlers\exception.py", line 55, in inner
    response = get_response(request)
  File "C:\Users\octave\AppData\Roaming\Python\Python314\site-packages\django\core\handlers\base.py", line 197, in _get_response
    response = wrapped_callback(request, *callback_args, **callback_kwargs)
  File "C:\Users\octave\AppData\Roaming\Python\Python314\site-packages\django\views\decorators\csrf.py", line 56, in wrapper_view
    return view_func(*args, **kwargs)
  File "C:\Users\octave\AppData\Roaming\Python\Python314\site-packages\django\views\generic\base.py", line 105, in view
    return self.dispatch(request, *args, **kwargs)
           ~~~~~~~~~~~~~^^^^^^^^^^^^^^^^^^^^^^^^^^
  File "C:\Users\octave\AppData\Roaming\Python\Python314\site-packages\rest_framework\views.py", line 517, in dispatch
    self.response = self.finalize_response(request, response, *args, **kwargs)
                    ~~~~~~~~~~~~~~~~~~~~~~^^^^^^^^^^^^^^^^^^^^^^^^^^^^^^^^^^^^
  File "C:\Users\octave\AppData\Roaming\Python\Python314\site-packages\rest_framework\views.py", line 429, in finalize_response
    assert isinstance(response, HttpResponseBase), (
           ~~~~~~~~~~^^^^^^^^^^^^^^^^^^^^^^^^^^^^
AssertionError: Expected a `Response`, `HttpResponse` or `StreamingHttpResponse` to be returned from the view, but received a `<class 'NoneType'>`
Internal Server Error: /api/doctor/dashboard/
Traceback (most recent call last):
  File "C:\Users\octave\AppData\Roaming\Python\Python314\site-packages\django\core\handlers\exception.py", line 55, in inner
    response = get_response(request)
  File "C:\Users\octave\AppData\Roaming\Python\Python314\site-packages\django\core\handlers\base.py", line 197, in _get_response
    response = wrapped_callback(request, *callback_args, **callback_kwargs)
  File "C:\Users\octave\AppData\Roaming\Python\Python314\site-packages\django\views\decorators\csrf.py", line 56, in wrapper_view
    return view_func(*args, **kwargs)
  File "C:\Users\octave\AppData\Roaming\Python\Python314\site-packages\django\views\generic\base.py", line 105, in view
    return self.dispatch(request, *args, **kwargs)
           ~~~~~~~~~~~~~^^^^^^^^^^^^^^^^^^^^^^^^^^
  File "C:\Users\octave\AppData\Roaming\Python\Python314\site-packages\rest_framework\views.py", line 517, in dispatch
    self.response = self.finalize_response(request, response, *args, **kwargs)
                    ~~~~~~~~~~~~~~~~~~~~~~^^^^^^^^^^^^^^^^^^^^^^^^^^^^^^^^^^^^
  File "C:\Users\octave\AppData\Roaming\Python\Python314\site-packages\rest_framework\views.py", line 429, in finalize_response
    assert isinstance(response, HttpResponseBase), (
           ~~~~~~~~~~^^^^^^^^^^^^^^^^^^^^^^^^^^^^
AssertionError: Expected a `Response`, `HttpResponse` or `StreamingHttpResponse` to be returned from the view, but received a `<class 'NoneType'>`
C:\Users\octave\Desktop\STROKE-PATIENT-READMISSION-SYSTEM-\stroke_api\views.py changed, reloading.
Watching for file changes with StatReloader
Internal Server Error: /api/patient/1/followup/
Traceback (most recent call last):
  File "C:\Users\octave\AppData\Roaming\Python\Python314\site-packages\django\core\handlers\exception.py", line 55, in inner
    response = get_response(request)
  File "C:\Users\octave\AppData\Roaming\Python\Python314\site-packages\django\core\handlers\base.py", line 197, in _get_response
    response = wrapped_callback(request, *callback_args, **callback_kwargs)
  File "C:\Users\octave\AppData\Roaming\Python\Python314\site-packages\django\views\decorators\csrf.py", line 56, in wrapper_view
    return view_func(*args, **kwargs)
  File "C:\Users\octave\AppData\Roaming\Python\Python314\site-packages\django\views\generic\base.py", line 105, in view
    return self.dispatch(request, *args, **kwargs)
           ~~~~~~~~~~~~~^^^^^^^^^^^^^^^^^^^^^^^^^^
  File "C:\Users\octave\AppData\Roaming\Python\Python314\site-packages\rest_framework\views.py", line 515, in dispatch
    response = self.handle_exception(exc)
  File "C:\Users\octave\AppData\Roaming\Python\Python314\site-packages\rest_framework\views.py", line 475, in handle_exception
    self.raise_uncaught_exception(exc)
    ~~~~~~~~~~~~~~~~~~~~~~~~~~~~~^^^^^
  File "C:\Users\octave\AppData\Roaming\Python\Python314\site-packages\rest_framework\views.py", line 486, in raise_uncaught_exception
    raise exc
  File "C:\Users\octave\AppData\Roaming\Python\Python314\site-packages\rest_framework\views.py", line 512, in dispatch
    response = handler(request, *args, **kwargs)
  File "C:\Users\octave\AppData\Roaming\Python\Python314\site-packages\rest_framework\decorators.py", line 50, in handler
    return func(*args, **kwargs)
  File "C:\Users\octave\Desktop\STROKE-PATIENT-READMISSION-SYSTEM-\stroke_api\views.py", line 371, in schedule_followup
    followup = FollowUp.objects.create(
        doctor=request.user,
    ...<5 lines>...
        status='scheduled'
    )
  File "C:\Users\octave\AppData\Roaming\Python\Python314\site-packages\django\db\models\manager.py", line 87, in manager_method
    return getattr(self.get_queryset(), name)(*args, **kwargs)
           ~~~~~~~~~~~~~~~~~~~~~~~~~~~~~~~~~~^^^^^^^^^^^^^^^^^
  File "C:\Users\octave\AppData\Roaming\Python\Python314\site-packages\django\db\models\query.py", line 658, in create
    obj = self.model(**kwargs)
  File "C:\Users\octave\AppData\Roaming\Python\Python314\site-packages\django\db\models\base.py", line 543, in __init__
    _setattr(self, field.name, rel_obj)
    ~~~~~~~~^^^^^^^^^^^^^^^^^^^^^^^^^^^
  File "C:\Users\octave\AppData\Roaming\Python\Python314\site-packages\django\db\models\fields\related_descriptors.py", line 266, in __set__
    raise ValueError(
    ...<7 lines>...
    )
ValueError: Cannot assign "<django.contrib.auth.models.AnonymousUser object at 0x000001F46E543A50>": "FollowUp.doctor" must be a "User" instance.
C:\Users\octave\Desktop\STROKE-PATIENT-READMISSION-SYSTEM-\stroke_api\views.py changed, reloading.
Watching for file changes with StatReloader
C:\Users\octave\Desktop\STROKE-PATIENT-READMISSION-SYSTEM-\stroke_api\views.py changed, reloading.
Watching for file changes with StatReloader
C:\Users\octave\Desktop\STROKE-PATIENT-READMISSION-SYSTEM-\stroke_api\urls.py changed, reloading.
Watching for file changes with StatReloader
C:\Users\octave\Desktop\STROKE-PATIENT-READMISSION-SYSTEM-\stroke_api\views.py changed, reloading.
Watching for file changes with StatReloader
Watching for file changes with StatReloader
Unauthorized: /api/patient/1/reports/
Unauthorized: /api/patient/1/
Unauthorized: /api/patient/1/predict/
Unauthorized: /api/patient/1/predict/
Unauthorized: /api/patient/1/predict/
Unauthorized: /api/patient/1/predict/
Unauthorized: /api/patient/1/
Unauthorized: /api/patient/1/reports/
Unauthorized: /api/patient/1/predict/
Unauthorized: /api/patient/1/
Unauthorized: /api/patient/1/reports/
Unauthorized: /api/patient/1/predict/
Unauthorized: /api/patient/1/
Unauthorized: /api/patient/1/reports/
Unauthorized: /api/patient/1/reports/
Unauthorized: /api/patient/1/
Unauthorized: /api/patient/1/reports/
Unauthorized: /api/patient/1/
Unauthorized: /api/token/refresh/
Unauthorized: /api/token/refresh/
Unauthorized: /api/token/refresh/
Unauthorized: /api/token/refresh/
Unauthorized: /api/token/refresh/
Unauthorized: /api/token/refresh/
Unauthorized: /api/token/refresh/
Unauthorized: /api/token/refresh/
Unauthorized: /api/token/refresh/
Unauthorized: /api/token/refresh/
Unauthorized: /api/token/refresh/
Unauthorized: /api/token/refresh/
Unauthorized: /api/token/refresh/
Unauthorized: /api/token/refresh/
Unauthorized: /api/token/refresh/
Unauthorized: /api/token/refresh/
Unauthorized: /api/token/refresh/
Unauthorized: /api/token/refresh/
Watching for file changes with StatReloader
Unauthorized: /api/notifications/
Unauthorized: /api/doctor/dashboard/
Unauthorized: /api/doctor/dashboard/
Unauthorized: /api/doctor/dashboard/
Unauthorized: /api/doctor/dashboard/
C:\Users\octave\Desktop\STROKE-PATIENT-READMISSION-SYSTEM-\stroke_api\views.py changed, reloading.
Watching for file changes with StatReloader
C:\Users\octave\Desktop\STROKE-PATIENT-READMISSION-SYSTEM-\stroke_api\views.py changed, reloading.
Watching for file changes with StatReloader
C:\Users\octave\Desktop\STROKE-PATIENT-READMISSION-SYSTEM-\stroke_project\settings.py changed, reloading.
Watching for file changes with StatReloader
C:\Users\octave\Desktop\STROKE-PATIENT-READMISSION-SYSTEM-\stroke_api\views.py changed, reloading.
Watching for file changes with StatReloader
Unauthorized: /api/login/
Unauthorized: /api/login/
Unauthorized: /api/login/
Unauthorized: /api/login/
Unauthorized: /api/login/
Unauthorized: /api/login/
Unauthorized: /api/notifications/
Unauthorized: /api/patient/1/predict/
Unauthorized: /api/patient/1/predict/
Unauthorized: /api/patient/1/
Unauthorized: /api/patient/1/reports/
Unauthorized: /api/patient/1/
Unauthorized: /api/patient/1/reports/
Unauthorized: /api/login/
Unauthorized: /api/login/
C:\Users\octave\Desktop\STROKE-PATIENT-READMISSION-SYSTEM-\stroke_project\settings.py changed, reloading.
Watching for file changes with StatReloader
Not Found: /api/patient/1/predict/
Not Found: /api/patient/1/reports/
Not Found: /api/patient/1/predict/
Not Found: /api/patient/1/
Not Found: /api/patient/1/reports/
Not Found: /api/patient/1/
Internal Server Error: /api/doctor/dashboard/
Traceback (most recent call last):
  File "C:\Users\octave\AppData\Roaming\Python\Python314\site-packages\django\db\backends\utils.py", line 89, in _execute
    return self.cursor.execute(sql, params)
           ~~~~~~~~~~~~~~~~~~~^^^^^^^^^^^^^
psycopg2.errors.UndefinedTable: relation "stroke_api_strokepatient" does not exist
LINE 1: ...ted", "stroke_api_strokepatient"."is_active" FROM "stroke_ap...
                                                             ^


The above exception was the direct cause of the following exception:

Traceback (most recent call last):
  File "C:\Users\octave\AppData\Roaming\Python\Python314\site-packages\django\core\handlers\exception.py", line 55, in inner
    response = get_response(request)
  File "C:\Users\octave\AppData\Roaming\Python\Python314\site-packages\django\core\handlers\base.py", line 197, in _get_response
    response = wrapped_callback(request, *callback_args, **callback_kwargs)
  File "C:\Users\octave\AppData\Roaming\Python\Python314\site-packages\django\views\decorators\csrf.py", line 56, in wrapper_view
    return view_func(*args, **kwargs)
  File "C:\Users\octave\AppData\Roaming\Python\Python314\site-packages\django\views\generic\base.py", line 105, in view
    return self.dispatch(request, *args, **kwargs)
           ~~~~~~~~~~~~~^^^^^^^^^^^^^^^^^^^^^^^^^^
  File "C:\Users\octave\AppData\Roaming\Python\Python314\site-packages\rest_framework\views.py", line 515, in dispatch
    response = self.handle_exception(exc)
  File "C:\Users\octave\AppData\Roaming\Python\Python314\site-packages\rest_framework\views.py", line 475, in handle_exception
    self.raise_uncaught_exception(exc)
    ~~~~~~~~~~~~~~~~~~~~~~~~~~~~~^^^^^
  File "C:\Users\octave\AppData\Roaming\Python\Python314\site-packages\rest_framework\views.py", line 486, in raise_uncaught_exception
    raise exc
  File "C:\Users\octave\AppData\Roaming\Python\Python314\site-packages\rest_framework\views.py", line 512, in dispatch
    response = handler(request, *args, **kwargs)
  File "C:\Users\octave\AppData\Roaming\Python\Python314\site-packages\rest_framework\decorators.py", line 50, in handler
    return func(*args, **kwargs)
  File "C:\Users\octave\Desktop\STROKE-PATIENT-READMISSION-SYSTEM-\stroke_api\views.py", line 246, in get_doctor_dashboard
    elif cat == 'Medium': medium += 1
         ^^^^^^^^
  File "C:\Users\octave\AppData\Roaming\Python\Python314\site-packages\django\db\models\query.py", line 400, in __iter__
    self._fetch_all()
    ~~~~~~~~~~~~~~~^^
  File "C:\Users\octave\AppData\Roaming\Python\Python314\site-packages\django\db\models\query.py", line 1886, in _fetch_all
    self._result_cache = list(self._iterable_class(self))
                         ~~~~^^^^^^^^^^^^^^^^^^^^^^^^^^^^
  File "C:\Users\octave\AppData\Roaming\Python\Python314\site-packages\django\db\models\query.py", line 93, in __iter__
    results = compiler.execute_sql(
        chunked_fetch=self.chunked_fetch, chunk_size=self.chunk_size
    )
  File "C:\Users\octave\AppData\Roaming\Python\Python314\site-packages\django\db\models\sql\compiler.py", line 1562, in execute_sql
    cursor.execute(sql, params)
    ~~~~~~~~~~~~~~^^^^^^^^^^^^^
  File "C:\Users\octave\AppData\Roaming\Python\Python314\site-packages\django\db\backends\utils.py", line 102, in execute
    return super().execute(sql, params)
           ~~~~~~~~~~~~~~~^^^^^^^^^^^^^
  File "C:\Users\octave\AppData\Roaming\Python\Python314\site-packages\django\db\backends\utils.py", line 67, in execute
    return self._execute_with_wrappers(
           ~~~~~~~~~~~~~~~~~~~~~~~~~~~^
        sql, params, many=False, executor=self._execute
        ^^^^^^^^^^^^^^^^^^^^^^^^^^^^^^^^^^^^^^^^^^^^^^^
    )
    ^
  File "C:\Users\octave\AppData\Roaming\Python\Python314\site-packages\django\db\backends\utils.py", line 80, in _execute_with_wrappers
    return executor(sql, params, many, context)
  File "C:\Users\octave\AppData\Roaming\Python\Python314\site-packages\django\db\backends\utils.py", line 84, in _execute
    with self.db.wrap_database_errors:
         ^^^^^^^^^^^^^^^^^^^^^^^^^^^^
  File "C:\Users\octave\AppData\Roaming\Python\Python314\site-packages\django\db\utils.py", line 91, in __exit__
    raise dj_exc_value.with_traceback(traceback) from exc_value
  File "C:\Users\octave\AppData\Roaming\Python\Python314\site-packages\django\db\backends\utils.py", line 89, in _execute
    return self.cursor.execute(sql, params)
           ~~~~~~~~~~~~~~~~~~~^^^^^^^^^^^^^
django.db.utils.ProgrammingError: relation "stroke_api_strokepatient" does not exist
LINE 1: ...ted", "stroke_api_strokepatient"."is_active" FROM "stroke_ap...
                                                             ^

Internal Server Error: /api/notifications/
Traceback (most recent call last):
  File "C:\Users\octave\AppData\Roaming\Python\Python314\site-packages\django\db\backends\utils.py", line 89, in _execute
    return self.cursor.execute(sql, params)
           ~~~~~~~~~~~~~~~~~~~^^^^^^^^^^^^^
psycopg2.errors.UndefinedTable: relation "auth_user" does not exist
LINE 1: ...user"."is_active", "auth_user"."date_joined" FROM "auth_user...
                                                             ^


The above exception was the direct cause of the following exception:

Traceback (most recent call last):
  File "C:\Users\octave\AppData\Roaming\Python\Python314\site-packages\django\core\handlers\exception.py", line 55, in inner
    response = get_response(request)
  File "C:\Users\octave\AppData\Roaming\Python\Python314\site-packages\django\core\handlers\base.py", line 197, in _get_response
    response = wrapped_callback(request, *callback_args, **callback_kwargs)
  File "C:\Users\octave\AppData\Roaming\Python\Python314\site-packages\django\views\decorators\csrf.py", line 56, in wrapper_view
    return view_func(*args, **kwargs)
  File "C:\Users\octave\AppData\Roaming\Python\Python314\site-packages\django\views\generic\base.py", line 105, in view
    return self.dispatch(request, *args, **kwargs)
           ~~~~~~~~~~~~~^^^^^^^^^^^^^^^^^^^^^^^^^^
  File "C:\Users\octave\AppData\Roaming\Python\Python314\site-packages\rest_framework\views.py", line 515, in dispatch
    response = self.handle_exception(exc)
  File "C:\Users\octave\AppData\Roaming\Python\Python314\site-packages\rest_framework\views.py", line 475, in handle_exception
    self.raise_uncaught_exception(exc)
    ~~~~~~~~~~~~~~~~~~~~~~~~~~~~~^^^^^
  File "C:\Users\octave\AppData\Roaming\Python\Python314\site-packages\rest_framework\views.py", line 486, in raise_uncaught_exception
    raise exc
  File "C:\Users\octave\AppData\Roaming\Python\Python314\site-packages\rest_framework\views.py", line 512, in dispatch
    response = handler(request, *args, **kwargs)
  File "C:\Users\octave\AppData\Roaming\Python\Python314\site-packages\rest_framework\decorators.py", line 50, in handler
    return func(*args, **kwargs)
  File "C:\Users\octave\Desktop\STROKE-PATIENT-READMISSION-SYSTEM-\stroke_api\views.py", line 262, in get_notifications
    status = request.GET.get('status', 'unread')
  File "C:\Users\octave\AppData\Roaming\Python\Python314\site-packages\django\db\models\query.py", line 1059, in first
    for obj in queryset[:1]:
               ~~~~~~~~^^^^
  File "C:\Users\octave\AppData\Roaming\Python\Python314\site-packages\django\db\models\query.py", line 400, in __iter__
    self._fetch_all()
    ~~~~~~~~~~~~~~~^^
  File "C:\Users\octave\AppData\Roaming\Python\Python314\site-packages\django\db\models\query.py", line 1886, in _fetch_all
    self._result_cache = list(self._iterable_class(self))
                         ~~~~^^^^^^^^^^^^^^^^^^^^^^^^^^^^
  File "C:\Users\octave\AppData\Roaming\Python\Python314\site-packages\django\db\models\query.py", line 93, in __iter__
    results = compiler.execute_sql(
        chunked_fetch=self.chunked_fetch, chunk_size=self.chunk_size
    )
  File "C:\Users\octave\AppData\Roaming\Python\Python314\site-packages\django\db\models\sql\compiler.py", line 1562, in execute_sql
    cursor.execute(sql, params)
    ~~~~~~~~~~~~~~^^^^^^^^^^^^^
  File "C:\Users\octave\AppData\Roaming\Python\Python314\site-packages\django\db\backends\utils.py", line 102, in execute
    return super().execute(sql, params)
           ~~~~~~~~~~~~~~~^^^^^^^^^^^^^
  File "C:\Users\octave\AppData\Roaming\Python\Python314\site-packages\django\db\backends\utils.py", line 67, in execute
    return self._execute_with_wrappers(
           ~~~~~~~~~~~~~~~~~~~~~~~~~~~^
        sql, params, many=False, executor=self._execute
        ^^^^^^^^^^^^^^^^^^^^^^^^^^^^^^^^^^^^^^^^^^^^^^^
    )
    ^
  File "C:\Users\octave\AppData\Roaming\Python\Python314\site-packages\django\db\backends\utils.py", line 80, in _execute_with_wrappers
    return executor(sql, params, many, context)
  File "C:\Users\octave\AppData\Roaming\Python\Python314\site-packages\django\db\backends\utils.py", line 84, in _execute
    with self.db.wrap_database_errors:
         ^^^^^^^^^^^^^^^^^^^^^^^^^^^^
  File "C:\Users\octave\AppData\Roaming\Python\Python314\site-packages\django\db\utils.py", line 91, in __exit__
    raise dj_exc_value.with_traceback(traceback) from exc_value
  File "C:\Users\octave\AppData\Roaming\Python\Python314\site-packages\django\db\backends\utils.py", line 89, in _execute
    return self.cursor.execute(sql, params)
           ~~~~~~~~~~~~~~~~~~~^^^^^^^^^^^^^
django.db.utils.ProgrammingError: relation "auth_user" does not exist
LINE 1: ...user"."is_active", "auth_user"."date_joined" FROM "auth_user...
                                                             ^

Internal Server Error: /api/doctor/dashboard/
Traceback (most recent call last):
  File "C:\Users\octave\AppData\Roaming\Python\Python314\site-packages\django\db\backends\utils.py", line 89, in _execute
    return self.cursor.execute(sql, params)
           ~~~~~~~~~~~~~~~~~~~^^^^^^^^^^^^^
psycopg2.errors.UndefinedTable: relation "stroke_api_strokepatient" does not exist
LINE 1: ...ted", "stroke_api_strokepatient"."is_active" FROM "stroke_ap...
                                                             ^


The above exception was the direct cause of the following exception:

Traceback (most recent call last):
  File "C:\Users\octave\AppData\Roaming\Python\Python314\site-packages\django\core\handlers\exception.py", line 55, in inner
    response = get_response(request)
  File "C:\Users\octave\AppData\Roaming\Python\Python314\site-packages\django\core\handlers\base.py", line 197, in _get_response
    response = wrapped_callback(request, *callback_args, **callback_kwargs)
  File "C:\Users\octave\AppData\Roaming\Python\Python314\site-packages\django\views\decorators\csrf.py", line 56, in wrapper_view
    return view_func(*args, **kwargs)
  File "C:\Users\octave\AppData\Roaming\Python\Python314\site-packages\django\views\generic\base.py", line 105, in view
    return self.dispatch(request, *args, **kwargs)
           ~~~~~~~~~~~~~^^^^^^^^^^^^^^^^^^^^^^^^^^
  File "C:\Users\octave\AppData\Roaming\Python\Python314\site-packages\rest_framework\views.py", line 515, in dispatch
    response = self.handle_exception(exc)
  File "C:\Users\octave\AppData\Roaming\Python\Python314\site-packages\rest_framework\views.py", line 475, in handle_exception
    self.raise_uncaught_exception(exc)
    ~~~~~~~~~~~~~~~~~~~~~~~~~~~~~^^^^^
  File "C:\Users\octave\AppData\Roaming\Python\Python314\site-packages\rest_framework\views.py", line 486, in raise_uncaught_exception
    raise exc
  File "C:\Users\octave\AppData\Roaming\Python\Python314\site-packages\rest_framework\views.py", line 512, in dispatch
    response = handler(request, *args, **kwargs)
  File "C:\Users\octave\AppData\Roaming\Python\Python314\site-packages\rest_framework\decorators.py", line 50, in handler
    return func(*args, **kwargs)
  File "C:\Users\octave\Desktop\STROKE-PATIENT-READMISSION-SYSTEM-\stroke_api\views.py", line 246, in get_doctor_dashboard
    elif cat == 'Medium': medium += 1
         ^^^^^^^^
  File "C:\Users\octave\AppData\Roaming\Python\Python314\site-packages\django\db\models\query.py", line 400, in __iter__
    self._fetch_all()
    ~~~~~~~~~~~~~~~^^
  File "C:\Users\octave\AppData\Roaming\Python\Python314\site-packages\django\db\models\query.py", line 1886, in _fetch_all
    self._result_cache = list(self._iterable_class(self))
                         ~~~~^^^^^^^^^^^^^^^^^^^^^^^^^^^^
  File "C:\Users\octave\AppData\Roaming\Python\Python314\site-packages\django\db\models\query.py", line 93, in __iter__
    results = compiler.execute_sql(
        chunked_fetch=self.chunked_fetch, chunk_size=self.chunk_size
    )
  File "C:\Users\octave\AppData\Roaming\Python\Python314\site-packages\django\db\models\sql\compiler.py", line 1562, in execute_sql
    cursor.execute(sql, params)
    ~~~~~~~~~~~~~~^^^^^^^^^^^^^
  File "C:\Users\octave\AppData\Roaming\Python\Python314\site-packages\django\db\backends\utils.py", line 102, in execute
    return super().execute(sql, params)
           ~~~~~~~~~~~~~~~^^^^^^^^^^^^^
  File "C:\Users\octave\AppData\Roaming\Python\Python314\site-packages\django\db\backends\utils.py", line 67, in execute
    return self._execute_with_wrappers(
           ~~~~~~~~~~~~~~~~~~~~~~~~~~~^
        sql, params, many=False, executor=self._execute
        ^^^^^^^^^^^^^^^^^^^^^^^^^^^^^^^^^^^^^^^^^^^^^^^
    )
    ^
  File "C:\Users\octave\AppData\Roaming\Python\Python314\site-packages\django\db\backends\utils.py", line 80, in _execute_with_wrappers
    return executor(sql, params, many, context)
  File "C:\Users\octave\AppData\Roaming\Python\Python314\site-packages\django\db\backends\utils.py", line 84, in _execute
    with self.db.wrap_database_errors:
         ^^^^^^^^^^^^^^^^^^^^^^^^^^^^
  File "C:\Users\octave\AppData\Roaming\Python\Python314\site-packages\django\db\utils.py", line 91, in __exit__
    raise dj_exc_value.with_traceback(traceback) from exc_value
  File "C:\Users\octave\AppData\Roaming\Python\Python314\site-packages\django\db\backends\utils.py", line 89, in _execute
    return self.cursor.execute(sql, params)
           ~~~~~~~~~~~~~~~~~~~^^^^^^^^^^^^^
django.db.utils.ProgrammingError: relation "stroke_api_strokepatient" does not exist
LINE 1: ...ted", "stroke_api_strokepatient"."is_active" FROM "stroke_ap...
                                                             ^

Internal Server Error: /api/notifications/
Traceback (most recent call last):
  File "C:\Users\octave\AppData\Roaming\Python\Python314\site-packages\django\db\backends\utils.py", line 89, in _execute
    return self.cursor.execute(sql, params)
           ~~~~~~~~~~~~~~~~~~~^^^^^^^^^^^^^
psycopg2.errors.UndefinedTable: relation "auth_user" does not exist
LINE 1: ...user"."is_active", "auth_user"."date_joined" FROM "auth_user...
                                                             ^


The above exception was the direct cause of the following exception:

Traceback (most recent call last):
  File "C:\Users\octave\AppData\Roaming\Python\Python314\site-packages\django\core\handlers\exception.py", line 55, in inner
    response = get_response(request)
  File "C:\Users\octave\AppData\Roaming\Python\Python314\site-packages\django\core\handlers\base.py", line 197, in _get_response
    response = wrapped_callback(request, *callback_args, **callback_kwargs)
  File "C:\Users\octave\AppData\Roaming\Python\Python314\site-packages\django\views\decorators\csrf.py", line 56, in wrapper_view
    return view_func(*args, **kwargs)
  File "C:\Users\octave\AppData\Roaming\Python\Python314\site-packages\django\views\generic\base.py", line 105, in view
    return self.dispatch(request, *args, **kwargs)
           ~~~~~~~~~~~~~^^^^^^^^^^^^^^^^^^^^^^^^^^
  File "C:\Users\octave\AppData\Roaming\Python\Python314\site-packages\rest_framework\views.py", line 515, in dispatch
    response = self.handle_exception(exc)
  File "C:\Users\octave\AppData\Roaming\Python\Python314\site-packages\rest_framework\views.py", line 475, in handle_exception
    self.raise_uncaught_exception(exc)
    ~~~~~~~~~~~~~~~~~~~~~~~~~~~~~^^^^^
  File "C:\Users\octave\AppData\Roaming\Python\Python314\site-packages\rest_framework\views.py", line 486, in raise_uncaught_exception
    raise exc
  File "C:\Users\octave\AppData\Roaming\Python\Python314\site-packages\rest_framework\views.py", line 512, in dispatch
    response = handler(request, *args, **kwargs)
  File "C:\Users\octave\AppData\Roaming\Python\Python314\site-packages\rest_framework\decorators.py", line 50, in handler
    return func(*args, **kwargs)
  File "C:\Users\octave\Desktop\STROKE-PATIENT-READMISSION-SYSTEM-\stroke_api\views.py", line 262, in get_notifications
    status = request.GET.get('status', 'unread')
  File "C:\Users\octave\AppData\Roaming\Python\Python314\site-packages\django\db\models\query.py", line 1059, in first
    for obj in queryset[:1]:
               ~~~~~~~~^^^^
  File "C:\Users\octave\AppData\Roaming\Python\Python314\site-packages\django\db\models\query.py", line 400, in __iter__
    self._fetch_all()
    ~~~~~~~~~~~~~~~^^
  File "C:\Users\octave\AppData\Roaming\Python\Python314\site-packages\django\db\models\query.py", line 1886, in _fetch_all
    self._result_cache = list(self._iterable_class(self))
                         ~~~~^^^^^^^^^^^^^^^^^^^^^^^^^^^^
  File "C:\Users\octave\AppData\Roaming\Python\Python314\site-packages\django\db\models\query.py", line 93, in __iter__
    results = compiler.execute_sql(
        chunked_fetch=self.chunked_fetch, chunk_size=self.chunk_size
    )
  File "C:\Users\octave\AppData\Roaming\Python\Python314\site-packages\django\db\models\sql\compiler.py", line 1562, in execute_sql
    cursor.execute(sql, params)
    ~~~~~~~~~~~~~~^^^^^^^^^^^^^
  File "C:\Users\octave\AppData\Roaming\Python\Python314\site-packages\django\db\backends\utils.py", line 102, in execute
    return super().execute(sql, params)
           ~~~~~~~~~~~~~~~^^^^^^^^^^^^^
  File "C:\Users\octave\AppData\Roaming\Python\Python314\site-packages\django\db\backends\utils.py", line 67, in execute
    return self._execute_with_wrappers(
           ~~~~~~~~~~~~~~~~~~~~~~~~~~~^
        sql, params, many=False, executor=self._execute
        ^^^^^^^^^^^^^^^^^^^^^^^^^^^^^^^^^^^^^^^^^^^^^^^
    )
    ^
  File "C:\Users\octave\AppData\Roaming\Python\Python314\site-packages\django\db\backends\utils.py", line 80, in _execute_with_wrappers
    return executor(sql, params, many, context)
  File "C:\Users\octave\AppData\Roaming\Python\Python314\site-packages\django\db\backends\utils.py", line 84, in _execute
    with self.db.wrap_database_errors:
         ^^^^^^^^^^^^^^^^^^^^^^^^^^^^
  File "C:\Users\octave\AppData\Roaming\Python\Python314\site-packages\django\db\utils.py", line 91, in __exit__
    raise dj_exc_value.with_traceback(traceback) from exc_value
  File "C:\Users\octave\AppData\Roaming\Python\Python314\site-packages\django\db\backends\utils.py", line 89, in _execute
    return self.cursor.execute(sql, params)
           ~~~~~~~~~~~~~~~~~~~^^^^^^^^^^^^^
django.db.utils.ProgrammingError: relation "auth_user" does not exist
LINE 1: ...user"."is_active", "auth_user"."date_joined" FROM "auth_user...
                                                             ^

Watching for file changes with StatReloader
Not Found: /api/logout/
Internal Server Error: /api/doctor/dashboard/
Traceback (most recent call last):
  File "C:\Users\octave\AppData\Roaming\Python\Python314\site-packages\django\db\backends\utils.py", line 89, in _execute
    return self.cursor.execute(sql, params)
           ~~~~~~~~~~~~~~~~~~~^^^^^^^^^^^^^
psycopg2.errors.UndefinedTable: relation "stroke_api_strokepatient" does not exist
LINE 1: ...ted", "stroke_api_strokepatient"."is_active" FROM "stroke_ap...
                                                             ^


The above exception was the direct cause of the following exception:

Traceback (most recent call last):
  File "C:\Users\octave\AppData\Roaming\Python\Python314\site-packages\django\core\handlers\exception.py", line 55, in inner
    response = get_response(request)
  File "C:\Users\octave\AppData\Roaming\Python\Python314\site-packages\django\core\handlers\base.py", line 197, in _get_response
    response = wrapped_callback(request, *callback_args, **callback_kwargs)
  File "C:\Users\octave\AppData\Roaming\Python\Python314\site-packages\django\views\decorators\csrf.py", line 56, in wrapper_view
    return view_func(*args, **kwargs)
  File "C:\Users\octave\AppData\Roaming\Python\Python314\site-packages\django\views\generic\base.py", line 105, in view
    return self.dispatch(request, *args, **kwargs)
           ~~~~~~~~~~~~~^^^^^^^^^^^^^^^^^^^^^^^^^^
  File "C:\Users\octave\AppData\Roaming\Python\Python314\site-packages\rest_framework\views.py", line 515, in dispatch
    response = self.handle_exception(exc)
  File "C:\Users\octave\AppData\Roaming\Python\Python314\site-packages\rest_framework\views.py", line 475, in handle_exception
    self.raise_uncaught_exception(exc)
    ~~~~~~~~~~~~~~~~~~~~~~~~~~~~~^^^^^
  File "C:\Users\octave\AppData\Roaming\Python\Python314\site-packages\rest_framework\views.py", line 486, in raise_uncaught_exception
    raise exc
  File "C:\Users\octave\AppData\Roaming\Python\Python314\site-packages\rest_framework\views.py", line 512, in dispatch
    response = handler(request, *args, **kwargs)
  File "C:\Users\octave\AppData\Roaming\Python\Python314\site-packages\rest_framework\decorators.py", line 50, in handler
    return func(*args, **kwargs)
  File "C:\Users\octave\Desktop\STROKE-PATIENT-READMISSION-SYSTEM-\stroke_api\views.py", line 243, in get_doctor_dashboard
    for p in patients:
             ^^^^^^^^
  File "C:\Users\octave\AppData\Roaming\Python\Python314\site-packages\django\db\models\query.py", line 400, in __iter__
    self._fetch_all()
    ~~~~~~~~~~~~~~~^^
  File "C:\Users\octave\AppData\Roaming\Python\Python314\site-packages\django\db\models\query.py", line 1886, in _fetch_all
    self._result_cache = list(self._iterable_class(self))
                         ~~~~^^^^^^^^^^^^^^^^^^^^^^^^^^^^
  File "C:\Users\octave\AppData\Roaming\Python\Python314\site-packages\django\db\models\query.py", line 93, in __iter__
    results = compiler.execute_sql(
        chunked_fetch=self.chunked_fetch, chunk_size=self.chunk_size
    )
  File "C:\Users\octave\AppData\Roaming\Python\Python314\site-packages\django\db\models\sql\compiler.py", line 1562, in execute_sql
    cursor.execute(sql, params)
    ~~~~~~~~~~~~~~^^^^^^^^^^^^^
  File "C:\Users\octave\AppData\Roaming\Python\Python314\site-packages\django\db\backends\utils.py", line 102, in execute
    return super().execute(sql, params)
           ~~~~~~~~~~~~~~~^^^^^^^^^^^^^
  File "C:\Users\octave\AppData\Roaming\Python\Python314\site-packages\django\db\backends\utils.py", line 67, in execute
    return self._execute_with_wrappers(
           ~~~~~~~~~~~~~~~~~~~~~~~~~~~^
        sql, params, many=False, executor=self._execute
        ^^^^^^^^^^^^^^^^^^^^^^^^^^^^^^^^^^^^^^^^^^^^^^^
    )
    ^
  File "C:\Users\octave\AppData\Roaming\Python\Python314\site-packages\django\db\backends\utils.py", line 80, in _execute_with_wrappers
    return executor(sql, params, many, context)
  File "C:\Users\octave\AppData\Roaming\Python\Python314\site-packages\django\db\backends\utils.py", line 84, in _execute
    with self.db.wrap_database_errors:
         ^^^^^^^^^^^^^^^^^^^^^^^^^^^^
  File "C:\Users\octave\AppData\Roaming\Python\Python314\site-packages\django\db\utils.py", line 91, in __exit__
    raise dj_exc_value.with_traceback(traceback) from exc_value
  File "C:\Users\octave\AppData\Roaming\Python\Python314\site-packages\django\db\backends\utils.py", line 89, in _execute
    return self.cursor.execute(sql, params)
           ~~~~~~~~~~~~~~~~~~~^^^^^^^^^^^^^
django.db.utils.ProgrammingError: relation "stroke_api_strokepatient" does not exist
LINE 1: ...ted", "stroke_api_strokepatient"."is_active" FROM "stroke_ap...
                                                             ^

Not Found: /api/logout/
Internal Server Error: /api/notifications/
Traceback (most recent call last):
  File "C:\Users\octave\AppData\Roaming\Python\Python314\site-packages\django\db\backends\utils.py", line 89, in _execute
    return self.cursor.execute(sql, params)
           ~~~~~~~~~~~~~~~~~~~^^^^^^^^^^^^^
psycopg2.errors.UndefinedTable: relation "auth_user" does not exist
LINE 1: ...user"."is_active", "auth_user"."date_joined" FROM "auth_user...
                                                             ^


The above exception was the direct cause of the following exception:

Traceback (most recent call last):
  File "C:\Users\octave\AppData\Roaming\Python\Python314\site-packages\django\core\handlers\exception.py", line 55, in inner
    response = get_response(request)
  File "C:\Users\octave\AppData\Roaming\Python\Python314\site-packages\django\core\handlers\base.py", line 197, in _get_response
    response = wrapped_callback(request, *callback_args, **callback_kwargs)
  File "C:\Users\octave\AppData\Roaming\Python\Python314\site-packages\django\views\decorators\csrf.py", line 56, in wrapper_view
    return view_func(*args, **kwargs)
  File "C:\Users\octave\AppData\Roaming\Python\Python314\site-packages\django\views\generic\base.py", line 105, in view
    return self.dispatch(request, *args, **kwargs)
           ~~~~~~~~~~~~~^^^^^^^^^^^^^^^^^^^^^^^^^^
  File "C:\Users\octave\AppData\Roaming\Python\Python314\site-packages\rest_framework\views.py", line 515, in dispatch
    response = self.handle_exception(exc)
  File "C:\Users\octave\AppData\Roaming\Python\Python314\site-packages\rest_framework\views.py", line 475, in handle_exception
    self.raise_uncaught_exception(exc)
    ~~~~~~~~~~~~~~~~~~~~~~~~~~~~~^^^^^
  File "C:\Users\octave\AppData\Roaming\Python\Python314\site-packages\rest_framework\views.py", line 486, in raise_uncaught_exception
    raise exc
  File "C:\Users\octave\AppData\Roaming\Python\Python314\site-packages\rest_framework\views.py", line 512, in dispatch
    response = handler(request, *args, **kwargs)
  File "C:\Users\octave\AppData\Roaming\Python\Python314\site-packages\rest_framework\decorators.py", line 50, in handler
    return func(*args, **kwargs)
  File "C:\Users\octave\Desktop\STROKE-PATIENT-READMISSION-SYSTEM-\stroke_api\views.py", line 259, in get_notifications
    doctor = User.objects.filter(is_staff=True).first()
  File "C:\Users\octave\AppData\Roaming\Python\Python314\site-packages\django\db\models\query.py", line 1059, in first
    for obj in queryset[:1]:
               ~~~~~~~~^^^^
  File "C:\Users\octave\AppData\Roaming\Python\Python314\site-packages\django\db\models\query.py", line 400, in __iter__
    self._fetch_all()
    ~~~~~~~~~~~~~~~^^
  File "C:\Users\octave\AppData\Roaming\Python\Python314\site-packages\django\db\models\query.py", line 1886, in _fetch_all
    self._result_cache = list(self._iterable_class(self))
                         ~~~~^^^^^^^^^^^^^^^^^^^^^^^^^^^^
  File "C:\Users\octave\AppData\Roaming\Python\Python314\site-packages\django\db\models\query.py", line 93, in __iter__
    results = compiler.execute_sql(
        chunked_fetch=self.chunked_fetch, chunk_size=self.chunk_size
    )
  File "C:\Users\octave\AppData\Roaming\Python\Python314\site-packages\django\db\models\sql\compiler.py", line 1562, in execute_sql
    cursor.execute(sql, params)
    ~~~~~~~~~~~~~~^^^^^^^^^^^^^
  File "C:\Users\octave\AppData\Roaming\Python\Python314\site-packages\django\db\backends\utils.py", line 102, in execute
    return super().execute(sql, params)
           ~~~~~~~~~~~~~~~^^^^^^^^^^^^^
  File "C:\Users\octave\AppData\Roaming\Python\Python314\site-packages\django\db\backends\utils.py", line 67, in execute
    return self._execute_with_wrappers(
           ~~~~~~~~~~~~~~~~~~~~~~~~~~~^
        sql, params, many=False, executor=self._execute
        ^^^^^^^^^^^^^^^^^^^^^^^^^^^^^^^^^^^^^^^^^^^^^^^
    )
    ^
  File "C:\Users\octave\AppData\Roaming\Python\Python314\site-packages\django\db\backends\utils.py", line 80, in _execute_with_wrappers
    return executor(sql, params, many, context)
  File "C:\Users\octave\AppData\Roaming\Python\Python314\site-packages\django\db\backends\utils.py", line 84, in _execute
    with self.db.wrap_database_errors:
         ^^^^^^^^^^^^^^^^^^^^^^^^^^^^
  File "C:\Users\octave\AppData\Roaming\Python\Python314\site-packages\django\db\utils.py", line 91, in __exit__
    raise dj_exc_value.with_traceback(traceback) from exc_value
  File "C:\Users\octave\AppData\Roaming\Python\Python314\site-packages\django\db\backends\utils.py", line 89, in _execute
    return self.cursor.execute(sql, params)
           ~~~~~~~~~~~~~~~~~~~^^^^^^^^^^^^^
django.db.utils.ProgrammingError: relation "auth_user" does not exist
LINE 1: ...user"."is_active", "auth_user"."date_joined" FROM "auth_user...
                                                             ^

Not Found: /api/patient/1/predict/
Not Found: /api/patient/1/predict/
Not Found: /api/patient/1/
Not Found: /api/patient/1/reports/
Watching for file changes with StatReloader
Unauthorized: /api/login/
Not Found: /api/doctor/appointments/
Not Found: /api/doctor/appointments/
Unauthorized: /api/login/
Internal Server Error: /api/token/refresh/
Traceback (most recent call last):
  File "C:\Users\octave\AppData\Roaming\Python\Python314\site-packages\django\core\handlers\exception.py", line 55, in inner
    response = get_response(request)
  File "C:\Users\octave\AppData\Roaming\Python\Python314\site-packages\django\core\handlers\base.py", line 197, in _get_response
    response = wrapped_callback(request, *callback_args, **callback_kwargs)
  File "C:\Users\octave\AppData\Roaming\Python\Python314\site-packages\django\views\decorators\csrf.py", line 56, in wrapper_view
    return view_func(*args, **kwargs)
  File "C:\Users\octave\AppData\Roaming\Python\Python314\site-packages\django\views\generic\base.py", line 105, in view
    return self.dispatch(request, *args, **kwargs)
           ~~~~~~~~~~~~~^^^^^^^^^^^^^^^^^^^^^^^^^^
  File "C:\Users\octave\AppData\Roaming\Python\Python314\site-packages\rest_framework\views.py", line 515, in dispatch
    response = self.handle_exception(exc)
  File "C:\Users\octave\AppData\Roaming\Python\Python314\site-packages\rest_framework\views.py", line 475, in handle_exception
    self.raise_uncaught_exception(exc)
    ~~~~~~~~~~~~~~~~~~~~~~~~~~~~~^^^^^
  File "C:\Users\octave\AppData\Roaming\Python\Python314\site-packages\rest_framework\views.py", line 486, in raise_uncaught_exception
    raise exc
  File "C:\Users\octave\AppData\Roaming\Python\Python314\site-packages\rest_framework\views.py", line 512, in dispatch
    response = handler(request, *args, **kwargs)
  File "C:\Users\octave\AppData\Roaming\Python\Python314\site-packages\rest_framework_simplejwt\views.py", line 46, in post
    serializer.is_valid(raise_exception=True)
    ~~~~~~~~~~~~~~~~~~~^^^^^^^^^^^^^^^^^^^^^^
  File "C:\Users\octave\AppData\Roaming\Python\Python314\site-packages\rest_framework\serializers.py", line 225, in is_valid
    self._validated_data = self.run_validation(self.initial_data)
                           ~~~~~~~~~~~~~~~~~~~^^^^^^^^^^^^^^^^^^^
  File "C:\Users\octave\AppData\Roaming\Python\Python314\site-packages\rest_framework\serializers.py", line 459, in run_validation
    value = self.validate(value)
  File "C:\Users\octave\AppData\Roaming\Python\Python314\site-packages\rest_framework_simplejwt\serializers.py", line 116, in validate
    user := get_user_model().objects.get(
            ~~~~~~~~~~~~~~~~~~~~~~~~~~~~^
        **{api_settings.USER_ID_FIELD: user_id}
        ^^^^^^^^^^^^^^^^^^^^^^^^^^^^^^^^^^^^^^^
    )
    ^
  File "C:\Users\octave\AppData\Roaming\Python\Python314\site-packages\django\db\models\manager.py", line 87, in manager_method
    return getattr(self.get_queryset(), name)(*args, **kwargs)
           ~~~~~~~~~~~~~~~~~~~~~~~~~~~~~~~~~~^^^^^^^^^^^^^^^^^
  File "C:\Users\octave\AppData\Roaming\Python\Python314\site-packages\django\db\models\query.py", line 639, in get
    raise self.model.DoesNotExist(
        "%s matching query does not exist." % self.model._meta.object_name
    )
django.contrib.auth.models.User.DoesNotExist: User matching query does not exist.
Unauthorized: /api/login/
Unauthorized: /api/login/
Not Found: /api/patient/1/predict/
Not Found: /api/patient/1/
Not Found: /api/patient/1/predict/
Not Found: /api/patient/1/reports/
Not Found: /api/patient/1/
Not Found: /api/patient/1/reports/
Not Found: /api/patient/1/followups/
Not Found: /api/patient/1/followups/
Not Found: /api/patient/1/predict/
Not Found: /api/patient/1/
Not Found: /api/patient/1/predict/
Not Found: /api/patient/1/reports/
Not Found: /api/patient/1/
Not Found: /api/patient/1/reports/
Unauthorized: /api/login/
Unauthorized: /api/login/
Not Found: /api/patient/1/predict/
Not Found: /api/patient/1/predict/
Not Found: /api/patient/1/reports/
Not Found: /api/patient/1/
Unauthorized: /api/login/
Watching for file changes with StatReloader
Unauthorized: /api/login/
C:\Users\octave\Desktop\STROKE-PATIENT-READMISSION-SYSTEM-\stroke_api\views.py changed, reloading.
Watching for file changes with StatReloader
C:\Users\octave\Desktop\STROKE-PATIENT-READMISSION-SYSTEM-\stroke_api\views.py changed, reloading.
Watching for file changes with StatReloader
C:\Users\octave\Desktop\STROKE-PATIENT-READMISSION-SYSTEM-\stroke_api\views.py changed, reloading.
Watching for file changes with StatReloader
C:\Users\octave\Desktop\STROKE-PATIENT-READMISSION-SYSTEM-\stroke_api\views.py changed, reloading.
Watching for file changes with StatReloader
C:\Users\octave\Desktop\STROKE-PATIENT-READMISSION-SYSTEM-\stroke_api\urls.py changed, reloading.
Watching for file changes with StatReloader
Forbidden: /api/patient/1/delete/
Forbidden: /api/patient/1/delete/
C:\Users\octave\Desktop\STROKE-PATIENT-READMISSION-SYSTEM-\stroke_api\views.py changed, reloading.
Watching for file changes with StatReloader
Forbidden: /api/patient/1/delete/
C:\Users\octave\Desktop\STROKE-PATIENT-READMISSION-SYSTEM-\stroke_api\views.py changed, reloading.
Watching for file changes with StatReloader
C:\Users\octave\Desktop\STROKE-PATIENT-READMISSION-SYSTEM-\stroke_api\views.py changed, reloading.
Watching for file changes with StatReloader
C:\Users\octave\Desktop\STROKE-PATIENT-READMISSION-SYSTEM-\stroke_api\urls.py changed, reloading.
Watching for file changes with StatReloader
C:\Users\octave\Desktop\STROKE-PATIENT-READMISSION-SYSTEM-\stroke_api\urls.py changed, reloading.
Watching for file changes with StatReloader
Internal Server Error: /api/profile/
Traceback (most recent call last):
  File "C:\Users\octave\AppData\Roaming\Python\Python314\site-packages\django\db\models\fields\__init__.py", line 2053, in get_prep_value
    return int(value)
  File "C:\Users\octave\AppData\Roaming\Python\Python314\site-packages\django\contrib\auth\models.py", line 437, in __int__
    raise TypeError(
    ...<2 lines>...
    )
TypeError: Cannot cast AnonymousUser to int. Are you trying to use it in place of User?

The above exception was the direct cause of the following exception:

Traceback (most recent call last):
  File "C:\Users\octave\AppData\Roaming\Python\Python314\site-packages\django\core\handlers\exception.py", line 55, in inner
    response = get_response(request)
  File "C:\Users\octave\AppData\Roaming\Python\Python314\site-packages\django\core\handlers\base.py", line 197, in _get_response
    response = wrapped_callback(request, *callback_args, **callback_kwargs)
  File "C:\Users\octave\AppData\Roaming\Python\Python314\site-packages\django\views\decorators\csrf.py", line 56, in wrapper_view
    return view_func(*args, **kwargs)
  File "C:\Users\octave\AppData\Roaming\Python\Python314\site-packages\django\views\generic\base.py", line 105, in view
    return self.dispatch(request, *args, **kwargs)
           ~~~~~~~~~~~~~^^^^^^^^^^^^^^^^^^^^^^^^^^
  File "C:\Users\octave\AppData\Roaming\Python\Python314\site-packages\rest_framework\views.py", line 515, in dispatch
    response = self.handle_exception(exc)
  File "C:\Users\octave\AppData\Roaming\Python\Python314\site-packages\rest_framework\views.py", line 475, in handle_exception
    self.raise_uncaught_exception(exc)
    ~~~~~~~~~~~~~~~~~~~~~~~~~~~~~^^^^^
  File "C:\Users\octave\AppData\Roaming\Python\Python314\site-packages\rest_framework\views.py", line 486, in raise_uncaught_exception
    raise exc
  File "C:\Users\octave\AppData\Roaming\Python\Python314\site-packages\rest_framework\views.py", line 512, in dispatch
    response = handler(request, *args, **kwargs)
  File "C:\Users\octave\AppData\Roaming\Python\Python314\site-packages\rest_framework\decorators.py", line 50, in handler
    return func(*args, **kwargs)
  File "C:\Users\octave\Desktop\STROKE-PATIENT-READMISSION-SYSTEM-\stroke_api\views.py", line 666, in get_profile
    patient = StrokePatient.objects.get(user=user)
  File "C:\Users\octave\AppData\Roaming\Python\Python314\site-packages\django\db\models\manager.py", line 87, in manager_method
    return getattr(self.get_queryset(), name)(*args, **kwargs)
           ~~~~~~~~~~~~~~~~~~~~~~~~~~~~~~~~~~^^^^^^^^^^^^^^^^^
  File "C:\Users\octave\AppData\Roaming\Python\Python314\site-packages\django\db\models\query.py", line 625, in get
    clone = self._chain() if self.query.combinator else self.filter(*args, **kwargs)
                                                        ~~~~~~~~~~~^^^^^^^^^^^^^^^^^
  File "C:\Users\octave\AppData\Roaming\Python\Python314\site-packages\django\db\models\query.py", line 1438, in filter
    return self._filter_or_exclude(False, args, kwargs)
           ~~~~~~~~~~~~~~~~~~~~~~~^^^^^^^^^^^^^^^^^^^^^
  File "C:\Users\octave\AppData\Roaming\Python\Python314\site-packages\django\db\models\query.py", line 1456, in _filter_or_exclude
    clone._filter_or_exclude_inplace(negate, args, kwargs)
    ~~~~~~~~~~~~~~~~~~~~~~~~~~~~~~~~^^^^^^^^^^^^^^^^^^^^^^
  File "C:\Users\octave\AppData\Roaming\Python\Python314\site-packages\django\db\models\query.py", line 1466, in _filter_or_exclude_inplace
    self._query.add_q(Q(*args, **kwargs))
    ~~~~~~~~~~~~~~~~~^^^^^^^^^^^^^^^^^^^^
  File "C:\Users\octave\AppData\Roaming\Python\Python314\site-packages\django\db\models\sql\query.py", line 1548, in add_q
    clause, _ = self._add_q(q_object, self.used_aliases)
                ~~~~~~~~~~~^^^^^^^^^^^^^^^^^^^^^^^^^^^^^
  File "C:\Users\octave\AppData\Roaming\Python\Python314\site-packages\django\db\models\sql\query.py", line 1579, in _add_q
    child_clause, needed_inner = self.build_filter(
                                 ~~~~~~~~~~~~~~~~~^
        child,
        ^^^^^^
    ...<6 lines>...
        summarize=summarize,
        ^^^^^^^^^^^^^^^^^^^^
    )
    ^
  File "C:\Users\octave\AppData\Roaming\Python\Python314\site-packages\django\db\models\sql\query.py", line 1494, in build_filter
    condition = self.build_lookup(lookups, col, value)
  File "C:\Users\octave\AppData\Roaming\Python\Python314\site-packages\django\db\models\sql\query.py", line 1321, in build_lookup
    lookup = lookup_class(lhs, rhs)
  File "C:\Users\octave\AppData\Roaming\Python\Python314\site-packages\django\db\models\lookups.py", line 27, in __init__
    self.rhs = self.get_prep_lookup()
               ~~~~~~~~~~~~~~~~~~~~^^
  File "C:\Users\octave\AppData\Roaming\Python\Python314\site-packages\django\db\models\fields\related_lookups.py", line 166, in get_prep_lookup
    self.rhs = target_field.get_prep_value(self.rhs)
               ~~~~~~~~~~~~~~~~~~~~~~~~~~~^^^^^^^^^^
  File "C:\Users\octave\AppData\Roaming\Python\Python314\site-packages\django\db\models\fields\__init__.py", line 2055, in get_prep_value
    raise e.__class__(
        "Field '%s' expected a number but got %r." % (self.name, value),
    ) from e
TypeError: Field 'id' expected a number but got <django.contrib.auth.models.AnonymousUser object at 0x00000294396B12B0>.
Forbidden: /api/users/
Internal Server Error: /api/profile/
Traceback (most recent call last):
  File "C:\Users\octave\AppData\Roaming\Python\Python314\site-packages\django\db\models\fields\__init__.py", line 2053, in get_prep_value
    return int(value)
  File "C:\Users\octave\AppData\Roaming\Python\Python314\site-packages\django\contrib\auth\models.py", line 437, in __int__
    raise TypeError(
    ...<2 lines>...
    )
TypeError: Cannot cast AnonymousUser to int. Are you trying to use it in place of User?

The above exception was the direct cause of the following exception:

Traceback (most recent call last):
  File "C:\Users\octave\AppData\Roaming\Python\Python314\site-packages\django\core\handlers\exception.py", line 55, in inner
    response = get_response(request)
  File "C:\Users\octave\AppData\Roaming\Python\Python314\site-packages\django\core\handlers\base.py", line 197, in _get_response
    response = wrapped_callback(request, *callback_args, **callback_kwargs)
  File "C:\Users\octave\AppData\Roaming\Python\Python314\site-packages\django\views\decorators\csrf.py", line 56, in wrapper_view
    return view_func(*args, **kwargs)
  File "C:\Users\octave\AppData\Roaming\Python\Python314\site-packages\django\views\generic\base.py", line 105, in view
    return self.dispatch(request, *args, **kwargs)
           ~~~~~~~~~~~~~^^^^^^^^^^^^^^^^^^^^^^^^^^
  File "C:\Users\octave\AppData\Roaming\Python\Python314\site-packages\rest_framework\views.py", line 515, in dispatch
    response = self.handle_exception(exc)
  File "C:\Users\octave\AppData\Roaming\Python\Python314\site-packages\rest_framework\views.py", line 475, in handle_exception
    self.raise_uncaught_exception(exc)
    ~~~~~~~~~~~~~~~~~~~~~~~~~~~~~^^^^^
  File "C:\Users\octave\AppData\Roaming\Python\Python314\site-packages\rest_framework\views.py", line 486, in raise_uncaught_exception
    raise exc
  File "C:\Users\octave\AppData\Roaming\Python\Python314\site-packages\rest_framework\views.py", line 512, in dispatch
    response = handler(request, *args, **kwargs)
  File "C:\Users\octave\AppData\Roaming\Python\Python314\site-packages\rest_framework\decorators.py", line 50, in handler
    return func(*args, **kwargs)
  File "C:\Users\octave\Desktop\STROKE-PATIENT-READMISSION-SYSTEM-\stroke_api\views.py", line 666, in get_profile
    users = User.objects.all()
                  ~~~~~~~~~~^^
  File "C:\Users\octave\AppData\Roaming\Python\Python314\site-packages\django\db\models\manager.py", line 87, in manager_method
    return getattr(self.get_queryset(), name)(*args, **kwargs)
           ~~~~~~~~~~~~~~~~~~~~~~~~~~~~~~~~~~^^^^^^^^^^^^^^^^^
  File "C:\Users\octave\AppData\Roaming\Python\Python314\site-packages\django\db\models\query.py", line 625, in get
    clone = self._chain() if self.query.combinator else self.filter(*args, **kwargs)
                                                        ~~~~~~~~~~~^^^^^^^^^^^^^^^^^
  File "C:\Users\octave\AppData\Roaming\Python\Python314\site-packages\django\db\models\query.py", line 1438, in filter
    return self._filter_or_exclude(False, args, kwargs)
           ~~~~~~~~~~~~~~~~~~~~~~~^^^^^^^^^^^^^^^^^^^^^
  File "C:\Users\octave\AppData\Roaming\Python\Python314\site-packages\django\db\models\query.py", line 1456, in _filter_or_exclude
    clone._filter_or_exclude_inplace(negate, args, kwargs)
    ~~~~~~~~~~~~~~~~~~~~~~~~~~~~~~~~^^^^^^^^^^^^^^^^^^^^^^
  File "C:\Users\octave\AppData\Roaming\Python\Python314\site-packages\django\db\models\query.py", line 1466, in _filter_or_exclude_inplace
    self._query.add_q(Q(*args, **kwargs))
    ~~~~~~~~~~~~~~~~~^^^^^^^^^^^^^^^^^^^^
  File "C:\Users\octave\AppData\Roaming\Python\Python314\site-packages\django\db\models\sql\query.py", line 1548, in add_q
    clause, _ = self._add_q(q_object, self.used_aliases)
                ~~~~~~~~~~~^^^^^^^^^^^^^^^^^^^^^^^^^^^^^
  File "C:\Users\octave\AppData\Roaming\Python\Python314\site-packages\django\db\models\sql\query.py", line 1579, in _add_q
    child_clause, needed_inner = self.build_filter(
                                 ~~~~~~~~~~~~~~~~~^
        child,
        ^^^^^^
    ...<6 lines>...
        summarize=summarize,
        ^^^^^^^^^^^^^^^^^^^^
    )
    ^
  File "C:\Users\octave\AppData\Roaming\Python\Python314\site-packages\django\db\models\sql\query.py", line 1494, in build_filter
    condition = self.build_lookup(lookups, col, value)
  File "C:\Users\octave\AppData\Roaming\Python\Python314\site-packages\django\db\models\sql\query.py", line 1321, in build_lookup
    lookup = lookup_class(lhs, rhs)
  File "C:\Users\octave\AppData\Roaming\Python\Python314\site-packages\django\db\models\lookups.py", line 27, in __init__
    self.rhs = self.get_prep_lookup()
               ~~~~~~~~~~~~~~~~~~~~^^
  File "C:\Users\octave\AppData\Roaming\Python\Python314\site-packages\django\db\models\fields\related_lookups.py", line 166, in get_prep_lookup
    self.rhs = target_field.get_prep_value(self.rhs)
               ~~~~~~~~~~~~~~~~~~~~~~~~~~~^^^^^^^^^^
  File "C:\Users\octave\AppData\Roaming\Python\Python314\site-packages\django\db\models\fields\__init__.py", line 2055, in get_prep_value
    raise e.__class__(
        "Field '%s' expected a number but got %r." % (self.name, value),
    ) from e
TypeError: Field 'id' expected a number but got <django.contrib.auth.models.AnonymousUser object at 0x0000029439A878F0>.
Forbidden: /api/users/
C:\Users\octave\Desktop\STROKE-PATIENT-READMISSION-SYSTEM-\stroke_api\views.py changed, reloading.
Forbidden: /api/users/
Forbidden: /api/users/
Forbidden: /api/users/
Forbidden: /api/users/
Watching for file changes with StatReloader
Internal Server Error: /api/profile/
Traceback (most recent call last):
  File "C:\Users\octave\AppData\Roaming\Python\Python314\site-packages\django\core\handlers\exception.py", line 55, in inner
    response = get_response(request)
  File "C:\Users\octave\AppData\Roaming\Python\Python314\site-packages\django\core\handlers\base.py", line 197, in _get_response
    response = wrapped_callback(request, *callback_args, **callback_kwargs)
  File "C:\Users\octave\AppData\Roaming\Python\Python314\site-packages\django\views\decorators\csrf.py", line 56, in wrapper_view
    return view_func(*args, **kwargs)
  File "C:\Users\octave\AppData\Roaming\Python\Python314\site-packages\django\views\generic\base.py", line 105, in view
    return self.dispatch(request, *args, **kwargs)
           ~~~~~~~~~~~~~^^^^^^^^^^^^^^^^^^^^^^^^^^
  File "C:\Users\octave\AppData\Roaming\Python\Python314\site-packages\rest_framework\views.py", line 515, in dispatch
    response = self.handle_exception(exc)
  File "C:\Users\octave\AppData\Roaming\Python\Python314\site-packages\rest_framework\views.py", line 475, in handle_exception
    self.raise_uncaught_exception(exc)
    ~~~~~~~~~~~~~~~~~~~~~~~~~~~~~^^^^^
  File "C:\Users\octave\AppData\Roaming\Python\Python314\site-packages\rest_framework\views.py", line 486, in raise_uncaught_exception
    raise exc
  File "C:\Users\octave\AppData\Roaming\Python\Python314\site-packages\rest_framework\views.py", line 512, in dispatch
    response = handler(request, *args, **kwargs)
  File "C:\Users\octave\AppData\Roaming\Python\Python314\site-packages\rest_framework\decorators.py", line 50, in handler
    return func(*args, **kwargs)
  File "C:\Users\octave\Desktop\STROKE-PATIENT-READMISSION-SYSTEM-\stroke_api\views.py", line 606, in get_profile
    'first_name': user.first_name,
                  ^^^^^^^^^^^^^^^
AttributeError: 'AnonymousUser' object has no attribute 'first_name'
Internal Server Error: /api/profile/
Traceback (most recent call last):
  File "C:\Users\octave\AppData\Roaming\Python\Python314\site-packages\django\core\handlers\exception.py", line 55, in inner
    response = get_response(request)
  File "C:\Users\octave\AppData\Roaming\Python\Python314\site-packages\django\core\handlers\base.py", line 197, in _get_response
    response = wrapped_callback(request, *callback_args, **callback_kwargs)
  File "C:\Users\octave\AppData\Roaming\Python\Python314\site-packages\django\views\decorators\csrf.py", line 56, in wrapper_view
    return view_func(*args, **kwargs)
  File "C:\Users\octave\AppData\Roaming\Python\Python314\site-packages\django\views\generic\base.py", line 105, in view
    return self.dispatch(request, *args, **kwargs)
           ~~~~~~~~~~~~~^^^^^^^^^^^^^^^^^^^^^^^^^^
  File "C:\Users\octave\AppData\Roaming\Python\Python314\site-packages\rest_framework\views.py", line 515, in dispatch
    response = self.handle_exception(exc)
  File "C:\Users\octave\AppData\Roaming\Python\Python314\site-packages\rest_framework\views.py", line 475, in handle_exception
    self.raise_uncaught_exception(exc)
    ~~~~~~~~~~~~~~~~~~~~~~~~~~~~~^^^^^
  File "C:\Users\octave\AppData\Roaming\Python\Python314\site-packages\rest_framework\views.py", line 486, in raise_uncaught_exception
    raise exc
  File "C:\Users\octave\AppData\Roaming\Python\Python314\site-packages\rest_framework\views.py", line 512, in dispatch
    response = handler(request, *args, **kwargs)
  File "C:\Users\octave\AppData\Roaming\Python\Python314\site-packages\rest_framework\decorators.py", line 50, in handler
    return func(*args, **kwargs)
  File "C:\Users\octave\Desktop\STROKE-PATIENT-READMISSION-SYSTEM-\stroke_api\views.py", line 606, in get_profile
    'first_name': user.first_name,
                  ^^^^^^^^^^^^^^^
AttributeError: 'AnonymousUser' object has no attribute 'first_name'
Forbidden: /api/users/
Forbidden: /api/users/
Forbidden: /api/users/
Forbidden: /api/users/
C:\Users\octave\Desktop\STROKE-PATIENT-READMISSION-SYSTEM-\stroke_api\views.py changed, reloading.
Watching for file changes with StatReloader
Forbidden: /api/users/
Forbidden: /api/users/
C:\Users\octave\Desktop\STROKE-PATIENT-READMISSION-SYSTEM-\stroke_api\views.py changed, reloading.
Watching for file changes with StatReloader
C:\Users\octave\Desktop\STROKE-PATIENT-READMISSION-SYSTEM-\stroke_api\views.py changed, reloading.
Watching for file changes with StatReloader
Forbidden: /api/doctor/dashboard/
Forbidden: /api/notifications/
Forbidden: /api/notifications/
Forbidden: /api/doctor/dashboard/
Forbidden: /api/doctor/dashboard/
Forbidden: /api/notifications/
Forbidden: /api/doctor/dashboard/
Forbidden: /api/notifications/
Forbidden: /api/doctor/dashboard/
Forbidden: /api/notifications/
Forbidden: /api/doctor/dashboard/
Forbidden: /api/notifications/
C:\Users\octave\Desktop\STROKE-PATIENT-READMISSION-SYSTEM-\stroke_api\views.py changed, reloading.
Watching for file changes with StatReloader
C:\Users\octave\Desktop\STROKE-PATIENT-READMISSION-SYSTEM-\stroke_project\settings.py changed, reloading.
Watching for file changes with StatReloader
C:\Users\octave\Desktop\STROKE-PATIENT-READMISSION-SYSTEM-\stroke_project\settings.py changed, reloading.
Watching for file changes with StatReloader
Forbidden: /api/doctor/dashboard/
Forbidden: /api/notifications/
Forbidden: /api/notifications/
Forbidden: /api/doctor/dashboard/
Forbidden: /api/notifications/
Forbidden: /api/doctor/appointments/
Forbidden: /api/doctor/dashboard/
Forbidden: /api/notifications/
Forbidden: /api/doctor/appointments/
Forbidden: /api/doctor/dashboard/
Forbidden: /api/notifications/
Forbidden: /api/notifications/
Forbidden: /api/doctor/appointments/
Forbidden: /api/notifications/
Forbidden: /api/profile/
Forbidden: /api/users/
Forbidden: /api/doctor/dashboard/
Forbidden: /api/notifications/
Forbidden: /api/doctor/dashboard/
Forbidden: /api/doctor/dashboard/
Forbidden: /api/notifications/
Forbidden: /api/doctor/dashboard/
Forbidden: /api/doctor/dashboard/
Forbidden: /api/doctor/appointments/
Forbidden: /api/profile/
Forbidden: /api/notifications/
Forbidden: /api/users/
Forbidden: /api/notifications/
Forbidden: /api/doctor/dashboard/
Forbidden: /api/doctor/dashboard/
Forbidden: /api/doctor/dashboard/
Forbidden: /api/notifications/
Forbidden: /api/doctor/dashboard/
Forbidden: /api/notifications/
C:\Users\octave\Desktop\STROKE-PATIENT-READMISSION-SYSTEM-\stroke_api\views.py changed, reloading.
Watching for file changes with StatReloader
C:\Users\octave\Desktop\STROKE-PATIENT-READMISSION-SYSTEM-\stroke_api\urls.py changed, reloading.
Watching for file changes with StatReloader
C:\Users\octave\Desktop\STROKE-PATIENT-READMISSION-SYSTEM-\stroke_api\urls.py changed, reloading.
Watching for file changes with StatReloader
C:\Users\octave\Desktop\STROKE-PATIENT-READMISSION-SYSTEM-\stroke_project\settings.py changed, reloading.
Watching for file changes with StatReloader
Watching for file changes with StatReloader
C:\Users\octave\Desktop\STROKE-PATIENT-READMISSION-SYSTEM-\stroke_project\settings.py changed, reloading.
Watching for file changes with StatReloader
C:\Users\octave\Desktop\STROKE-PATIENT-READMISSION-SYSTEM-\stroke_project\settings.py changed, reloading.
Watching for file changes with StatReloader
C:\Users\octave\Desktop\STROKE-PATIENT-READMISSION-SYSTEM-\stroke_project\settings.py changed, reloading.
Watching for file changes with StatReloader
Forbidden: /api/doctor/dashboard/
Forbidden: /api/notifications/
Forbidden: /api/notifications/
Forbidden: /api/doctor/dashboard/
Forbidden: /api/doctor/dashboard/
Forbidden: /api/notifications/
Forbidden: /api/doctor/dashboard/
Forbidden: /api/notifications/
Forbidden: /api/doctor/dashboard/
Forbidden: /api/notifications/
Forbidden: /api/doctor/dashboard/
Forbidden: /api/notifications/
Forbidden: /api/doctor/dashboard/
Forbidden: /api/notifications/
Forbidden: /api/doctor/dashboard/
Forbidden: /api/notifications/
C:\Users\octave\Desktop\STROKE-PATIENT-READMISSION-SYSTEM-\stroke_api\views.py changed, reloading.
Watching for file changes with StatReloader
C:\Users\octave\Desktop\STROKE-PATIENT-READMISSION-SYSTEM-\stroke_api\views.py changed, reloading.
Watching for file changes with StatReloader
C:\Users\octave\Desktop\STROKE-PATIENT-READMISSION-SYSTEM-\stroke_api\urls.py changed, reloading.
Watching for file changes with StatReloader
C:\Users\octave\Desktop\STROKE-PATIENT-READMISSION-SYSTEM-\stroke_project\settings.py changed, reloading.
Watching for file changes with StatReloader
Forbidden: /api/doctor/dashboard/
Forbidden: /api/notifications/
Forbidden: /api/doctor/dashboard/
Forbidden: /api/notifications/
Forbidden: /api/notifications/
Forbidden: /api/doctor/dashboard/
Forbidden: /api/notifications/
Forbidden: /api/notifications/
Forbidden: /api/doctor/dashboard/
Forbidden: /api/notifications/
Forbidden: /api/notifications/
Forbidden: /api/doctor/dashboard/
Forbidden: /api/notifications/
Forbidden: /api/doctor/appointments/
Forbidden: /api/doctor/dashboard/
Forbidden: /api/doctor/dashboard/
Forbidden: /api/notifications/
Forbidden: /api/profile/
Forbidden: /api/users/
Forbidden: /api/notifications/
Forbidden: /api/doctor/dashboard/
Forbidden: /api/doctor/dashboard/
Forbidden: /api/notifications/
Forbidden: /api/doctor/appointments/
Forbidden: /api/profile/
Forbidden: /api/users/
Forbidden: /api/doctor/dashboard/
Forbidden: /api/doctor/dashboard/
Forbidden: /api/doctor/dashboard/
Forbidden: /api/doctor/dashboard/
Forbidden: /api/doctor/dashboard/
Forbidden: /api/notifications/
Forbidden: /api/doctor/dashboard/
Forbidden: /api/notifications/
Watching for file changes with StatReloader
Forbidden: /api/doctor/dashboard/
Forbidden: /api/notifications/
Forbidden: /api/doctor/dashboard/
Forbidden: /api/notifications/
Forbidden: /api/doctor/dashboard/
Forbidden: /api/notifications/
Forbidden: /api/doctor/dashboard/
Forbidden: /api/notifications/
Forbidden: /api/doctor/dashboard/
Forbidden: /api/notifications/
Forbidden: /api/doctor/dashboard/
Forbidden: /api/notifications/
Forbidden: /api/doctor/dashboard/
Forbidden: /api/doctor/dashboard/
Forbidden: /api/notifications/
Forbidden: /api/notifications/
Forbidden: /api/doctor/dashboard/
Forbidden: /api/notifications/
Forbidden: /api/doctor/dashboard/
Forbidden: /api/notifications/
C:\Users\octave\Desktop\STROKE-PATIENT-READMISSION-SYSTEM-\stroke_project\settings.py changed, reloading.
Watching for file changes with StatReloader
C:\Users\octave\Desktop\STROKE-PATIENT-READMISSION-SYSTEM-\stroke_project\settings.py changed, reloading.
Watching for file changes with StatReloader
Watching for file changes with StatReloader
Forbidden: /api/doctor/dashboard/
Forbidden: /api/doctor/dashboard/
Forbidden: /api/notifications/
Internal Server Error: /api/register-patient/
Traceback (most recent call last):
  File "C:\Users\octave\AppData\Roaming\Python\Python314\site-packages\django\core\handlers\exception.py", line 55, in inner
    response = get_response(request)
  File "C:\Users\octave\AppData\Roaming\Python\Python314\site-packages\django\core\handlers\base.py", line 197, in _get_response
    response = wrapped_callback(request, *callback_args, **callback_kwargs)
  File "C:\Users\octave\AppData\Roaming\Python\Python314\site-packages\django\views\decorators\csrf.py", line 56, in wrapper_view
    return view_func(*args, **kwargs)
  File "C:\Users\octave\AppData\Roaming\Python\Python314\site-packages\django\views\generic\base.py", line 105, in view
    return self.dispatch(request, *args, **kwargs)
           ~~~~~~~~~~~~~^^^^^^^^^^^^^^^^^^^^^^^^^^
  File "C:\Users\octave\AppData\Roaming\Python\Python314\site-packages\rest_framework\views.py", line 517, in dispatch
    self.response = self.finalize_response(request, response, *args, **kwargs)
                    ~~~~~~~~~~~~~~~~~~~~~~^^^^^^^^^^^^^^^^^^^^^^^^^^^^^^^^^^^^
  File "C:\Users\octave\AppData\Roaming\Python\Python314\site-packages\rest_framework\views.py", line 429, in finalize_response
    assert isinstance(response, HttpResponseBase), (
           ~~~~~~~~~~^^^^^^^^^^^^^^^^^^^^^^^^^^^^
AssertionError: Expected a `Response`, `HttpResponse` or `StreamingHttpResponse` to be returned from the view, but received a `<class 'NoneType'>`
Internal Server Error: /api/register-patient/
Traceback (most recent call last):
  File "C:\Users\octave\AppData\Roaming\Python\Python314\site-packages\django\core\handlers\exception.py", line 55, in inner
    response = get_response(request)
  File "C:\Users\octave\AppData\Roaming\Python\Python314\site-packages\django\core\handlers\base.py", line 197, in _get_response
    response = wrapped_callback(request, *callback_args, **callback_kwargs)
  File "C:\Users\octave\AppData\Roaming\Python\Python314\site-packages\django\views\decorators\csrf.py", line 56, in wrapper_view
    return view_func(*args, **kwargs)
  File "C:\Users\octave\AppData\Roaming\Python\Python314\site-packages\django\views\generic\base.py", line 105, in view
    return self.dispatch(request, *args, **kwargs)
           ~~~~~~~~~~~~~^^^^^^^^^^^^^^^^^^^^^^^^^^
  File "C:\Users\octave\AppData\Roaming\Python\Python314\site-packages\rest_framework\views.py", line 517, in dispatch
    self.response = self.finalize_response(request, response, *args, **kwargs)
                    ~~~~~~~~~~~~~~~~~~~~~~^^^^^^^^^^^^^^^^^^^^^^^^^^^^^^^^^^^^
  File "C:\Users\octave\AppData\Roaming\Python\Python314\site-packages\rest_framework\views.py", line 429, in finalize_response
    assert isinstance(response, HttpResponseBase), (
           ~~~~~~~~~~^^^^^^^^^^^^^^^^^^^^^^^^^^^^
AssertionError: Expected a `Response`, `HttpResponse` or `StreamingHttpResponse` to be returned from the view, but received a `<class 'NoneType'>`
Internal Server Error: /api/register-patient/
Traceback (most recent call last):
  File "C:\Users\octave\AppData\Roaming\Python\Python314\site-packages\django\core\handlers\exception.py", line 55, in inner
    response = get_response(request)
  File "C:\Users\octave\AppData\Roaming\Python\Python314\site-packages\django\core\handlers\base.py", line 197, in _get_response
    response = wrapped_callback(request, *callback_args, **callback_kwargs)
  File "C:\Users\octave\AppData\Roaming\Python\Python314\site-packages\django\views\decorators\csrf.py", line 56, in wrapper_view
    return view_func(*args, **kwargs)
  File "C:\Users\octave\AppData\Roaming\Python\Python314\site-packages\django\views\generic\base.py", line 105, in view
    return self.dispatch(request, *args, **kwargs)
           ~~~~~~~~~~~~~^^^^^^^^^^^^^^^^^^^^^^^^^^
  File "C:\Users\octave\AppData\Roaming\Python\Python314\site-packages\rest_framework\views.py", line 517, in dispatch
    self.response = self.finalize_response(request, response, *args, **kwargs)
                    ~~~~~~~~~~~~~~~~~~~~~~^^^^^^^^^^^^^^^^^^^^^^^^^^^^^^^^^^^^
  File "C:\Users\octave\AppData\Roaming\Python\Python314\site-packages\rest_framework\views.py", line 429, in finalize_response
    assert isinstance(response, HttpResponseBase), (
           ~~~~~~~~~~^^^^^^^^^^^^^^^^^^^^^^^^^^^^
AssertionError: Expected a `Response`, `HttpResponse` or `StreamingHttpResponse` to be returned from the view, but received a `<class 'NoneType'>`
